Districts,Male,Female,Total,Area,DENSITY /SQ.K.M,AVR H.H SIZE,Brick Masonry,Block Masonry,Stone Masonry,Timber,Adobe,Total Str,Primary,Middle,High,High Sec,Deg Clgs,PG,Unis,Mgt,Tech,Hospitals,Dispensaries,RHCs,TB Clinics,MCH,SHC,BHU,Leprosy Clinic,Total.1,High Type ,Low type,Total.2
Abbotabad,712322,706750,1419072,1967,721.4397559735637,5.9,42.33827508083496,30.72443525504256,7.343334139849988,1.5254162725733014,18.068539251699185,181852,1365,172,120,38,14,4,1,2,3,7,42,7,1,2,1,53,1,114,1222.0,47.0,1269.0
Bajaur,650813,637147,1287960,1290,998.4186046511627,7.0,6.190901323810347,7.079841411552382,33.717324731926006,4.931409536426384,48.080522996284884,104169,543,109,44,7,4,1,0,1,2,4,0,2,3,0,0,19,0,28,631.0,226.0,857.0
Bannu,706113,651777,1357890,1972,688.5851926977688,7.4,7.351812449600202,43.95348159375091,2.0937169061567906,3.1439758275282483,43.45701322296385,106941,1610,190,138,40,17,2,1,2,4,6,146,3,2,14,0,46,0,217,1166.0,491.0,1657.0
Batagram,281308,272825,554133,1301,425.92851652574944,6.4,28.370536120358747,31.985300805908786,6.949371463916026,1.6791282359147883,31.015663373901653,54969,706,46,45,8,3,0,0,0,1,2,10,2,1,1,0,28,1,45,310.0,320.5,630.5
Buner,508200,508669,1016869,1865,545.2380697050938,8.5,41.862491567348776,18.598212277940185,15.636946255902856,3.9633460760062964,19.93900382280189,71152,653,102,80,41,7,0,1,1,1,4,8,4,1,0,0,18,3,38,483.0,34.0,517.0
Charsadda,950891,884613,1835504,996,1842.875502008032,6.9,33.80988991215874,24.374178703264466,18.158223327280957,0.9165807883358142,22.741127268960028,183399,942,102,117,31,12,1,1,2,6,5,7,4,0,1,1,43,0,61,514.0,0.0,514.0
Upper Chitral,100495,95033,195528,8392,23.299332697807436,7.4,3.379202229576729,8.418394008012541,18.024734366835045,2.3288625674969516,67.84880682807874,21757,344,40,42,11,3,0,0,1,3,3,20,3,2,2,0,9,2,41,43.0,245.0,288.0
Lower Chitral,163584,156823,320407,6458,49.61396717249922,6.9,3.379202229576729,8.418394008012541,18.024734366835045,2.3288625674969516,67.84880682807874,35653,278,38,38,6,2,0,1,0,1,1,16,3,0,0,0,10,0,30,51.0,366.0,417.0
Dera Ismail Khan,959556,870255,1829811,9334,196.03717591600602,6.7,2.8168853394181403,45.15345122646891,3.1985168282943524,1.8054763262977753,47.025670279520824,181836,1392,219,135,44,23,0,2,2,5,12,42,3,1,7,2,40,0,107,2800.0,1040.0,3840.0
Hangu,260301,268601,528902,1097,482.1349134001823,8.6,26.489237216643534,34.03815277437614,11.287996299017607,2.0654747326312353,26.119138977331485,36747,1237,141,130,62,10,1,0,3,8,7,19,4,1,7,2,33,2,75,1122.0,110.0,1232.0
Haripur,591585,583198,1174783,1725,681.0336231884057,6.1,64.17887567614918,19.54317499945251,7.907204228076707,0.8329135916022454,7.537831504719357,136989,817,87,72,27,6,0,1,1,1,4,11,4,1,1,2,31,3,57,350.0,200.0,550.0
Karak,421303,394575,815878,3371,242.0284781963809,8.4,2.136315933236533,64.47476243189234,4.262568467056743,3.0592734225621414,26.067079745252233,69559,332,39,39,11,4,0,0,1,1,4,3,1,4,1,1,14,0,28,398.0,152.0,550.0
Khurram,406929,378505,785434,3380,232.37692307692308,8.3,11.398707581482396,6.326141459797309,28.962887107595606,5.893569688195204,47.418694162929484,56638,917,130,120,39,11,3,1,1,5,8,9,6,1,2,6,38,1,71,516.0,540.0,1056.0
Khyber ,598278,547989,1146267,2576,444.9794254658385,6.8,5.747365501941209,19.84886300610094,18.63560732113145,3.951747088186356,51.816417082640044,100968,790,87,84,19,9,1,1,1,3,6,3,7,1,2,0,19,0,38,586.0,0.0,586.0
Kohat,629595,605066,1234661,2991,412.7920427950518,7.2,30.485323736594044,38.40570079029966,7.447015161893857,1.791209577654865,21.870750733557575,111155,598,87,51,6,6,0,0,1,2,5,28,2,4,2,0,12,0,53,1137.0,49.0,1186.0
Upper Kohistan,216188,206759,422947,5440,77.74761029411765,5.9,6.087229369312833,3.295680368162326,38.68319213471394,33.19318062964125,18.740717498169648,38766,827,112,93,33,13,2,2,1,3,7,15,4,0,2,3,29,0,60,814.0,340.0,1154.0
Lower Kohistan,173666,166351,340017,642,529.6214953271028,6.4,6.087229369312833,3.295680368162326,38.68319213471394,33.19318062964125,18.740717498169648,31165,209,26,7,3,0,0,0,0,0,0,0,0,1,0,0,10,0,11,74.0,63.0,137.0
Kolai Palas,142590,137572,280162,1410,198.6964539007092,6.9,6.087229369312833,3.295680368162326,38.68319213471394,33.19318062964125,18.740717498169648,25679,296,30,12,3,2,0,0,0,1,1,1,1,0,0,0,9,0,12,45.0,109.0,154.0
Lakki Marwat,527134,513722,1040856,3296,315.79368932038835,7.8,1.1037942235873865,33.52484918126975,9.649084038627274,2.2484697147150463,53.47380284180054,93746,381,28,16,0,0,0,0,0,0,0,3,2,1,0,0,14,1,21,89.0,79.0,168.0
Lower Dir,813578,836605,1650183,1583,1042.4403032217308,8.1,43.76598717443485,8.400386916490524,27.893096406692223,3.49586214308745,16.444667359294954,139565,548,97,71,7,7,1,0,1,3,5,48,0,3,1,0,22,0,79,1157.0,340.0,1497.0
Malakand,422804,403446,826250,952,867.9096638655461,7.3,55.607162919424006,12.109005713346212,13.511995286831901,2.283968377930316,16.48786770246756,72987,993,116,87,20,7,1,1,1,2,5,20,4,0,2,2,30,0,63,552.0,94.0,646.0
Mansehra,912271,884906,1797177,4125,435.6792727272727,6.1,33.93376838801315,43.29489357052753,4.368922395383255,0.9351689065029749,17.467246739573092,201354,557,62,71,19,12,1,1,1,2,6,11,5,0,2,0,20,0,44,367.0,85.0,452.0
Mardan,1408829,1336069,2744898,1632,1681.922794117647,6.8,49.00249577328717,21.254729892923276,13.211899202962725,0.8916351340471782,15.639239996779647,248420,1823,187,144,47,11,1,1,2,5,7,62,13,1,3,0,51,1,138,931.0,151.0,1082.0
Mohmand ,281390,272543,553933,2296,241.26001742160278,8.6,4.271324748183093,6.474988312295465,13.48123592162863,6.693867142674997,69.07858387521782,47058,1474,177,167,88,17,2,3,4,9,8,19,8,1,2,0,47,1,86,1652.0,0.0,1652.0
North Waziristan,354651,338681,693332,4707,147.2980667091566,6.9,1.0506633425340575,16.577330602795833,3.3514379841510107,4.836612946309322,74.18395512420977,56155,530,81,45,4,4,0,0,1,1,3,19,3,3,0,0,24,0,52,513.0,127.0,640.0
Nowshera,886521,854184,1740705,1748,995.8266590389015,6.7,23.836835118864055,20.629248736273315,18.830868451750447,12.949008460599885,23.7540392325123,298324,901,127,50,2,2,1,0,1,2,9,168,1,5,87,0,18,0,288,885.0,225.0,1110.0
Orakzai,204877,182684,387561,1538,251.99024707412224,7.4,1.9289443352091666,3.5934639636585533,24.774560987185573,2.8747711709268424,66.82825954301987,29498,796,102,104,53,13,1,0,2,4,8,11,6,1,2,0,30,0,58,564.0,66.0,630.0
Peshawar,2425995,2332767,4758762,1518,3134.889328063241,6.8,50.49506461944293,11.459608650120751,12.243651784705664,1.680441360107226,24.121233585623433,334467,476,86,39,5,6,0,0,0,1,5,30,1,6,0,0,24,0,66,566.0,95.0,661.0
Shahgla,459971,431281,891252,1586,561.9495586380832,7.0,13.591637456184277,24.541812719078617,24.450425638457688,7.853029544316475,29.563094641962945,79880,1209,187,158,56,34,0,7,4,12,20,44,4,1,5,0,55,0,129,791.0,110.0,901.0
South Waziristan,459545,429130,888675,6620,134.24093655589124,4.9,0.2956219178798938,1.8548313254588027,2.994152964721579,6.338866433831705,88.51652735810802,76449,605,76,52,14,5,0,0,1,1,4,12,2,1,1,0,19,0,39,313.0,202.0,515.0
Swabi,959080,935520,1894600,1543,1227.8677900194425,6.7,52.95197916785117,27.558817843781625,10.004434791507943,0.7959882193743533,8.688779977484904,175882,674,108,44,2,5,0,0,1,2,7,53,0,4,0,0,14,0,78,1187.0,514.0,1701.0
Swat,1375445,1311939,2687384,5337,503.5383174067828,7.0,45.177208507439985,13.07253872102075,17.673875502187705,4.883635615286191,19.192741654065372,223522,1027,131,124,54,17,1,2,2,5,6,11,9,2,3,0,35,0,66,630.0,33.0,663.0
Tank,241590,228703,470293,2900,162.17,6.6,0.8840677966101695,15.471186440677966,3.175593220338983,5.271864406779661,75.19728813559323,40863,1363,148,119,58,15,3,1,2,7,10,20,5,1,3,0,39,3,81,1660.0,125.0,1785.0
Tor Ghar,102164,98281,200445,454,441.5088105726872,6.8,4.140556097108109,4.0384347583901965,64.06257252935988,4.706865339089263,23.051571276052545,21543,577,97,51,5,3,2,0,0,1,3,48,3,3,1,2,23,0,83,558.0,57.5,615.5
Upper Dir,537302,546264,1083566,3699,292.93484725601513,7.2,12.656337502333395,10.266051539152155,50.80846600353787,5.799265758197996,20.46987919677858,112497,207,27,10,3,0,0,0,0,0,0,3,0,0,0,0,10,0,13,210.75,221.5,432.25
