Districts,Population,Male,Female,Total,Area,DENSITY /SQ.K.M,AVR H.H SIZE,Brick Masonry,Block Masonry,Stone Masonry,Timber,Adobe,Total Str,Primary,Middle,High,High Sec,Deg Clgs,PG,Unis,Mgt,Tech
Abbotabad,Population,"754,044","748,146","1,502,190","1,967",763.7,5.9,42.34,30.72,7.34,1.53,18.07," 181,852 ","1,365",172,120,38,14,4,1,2,3
Bajaur,Population,"688,933","674,466","1,363,399","1,290",1056.9,7,6.19,7.08,33.72,4.93,48.08," 104,169 ",543,109,44,7,4,1,0,1,2
Bannu,Population,"747,472","689,953","1,437,425","1,972",728.92,7.4,7.35,43.95,2.09,3.14,43.46," 106,941 ","1,610",190,138,40,17,2,1,2,4
Batagram,Population,"297,785","288,805","586,590","1,301",450.88,6.4,28.37,31.99,6.95,1.68,31.02," 54,969 ",706,46,45,8,3,0,0,0,1
Buner,Population,"537,967","538,463","1,076,430","1,865",577.17,8.5,41.86,18.6,15.64,3.96,19.94," 71,152 ",653,102,80,41,7,0,1,1,1
Charsadda,Population,"1,006,587","936,427","1,943,014",996,1950.82,6.9,33.81,24.37,18.16,0.92,22.74," 183,399 ",942,102,117,31,12,1,1,2,6
Upper Chitral,Population,"106,381","100,599","206,980","8,392",24.66,7.4,3.38,8.42,18.02,2.33,67.85," 21,757 ",344,40,42,11,3,0,0,1,3
Lower Chitral,Population,"173,166","166,009","339,175","6,458",52.52,6.9,3.38,8.42,18.02,2.33,67.85," 35,653 ",278,38,38,6,2,0,1,0,1
Dera Ismail Khan,Population,"1,015,760","921,228","1,936,988","9,334",207.52,6.7,2.82,45.15,3.2,1.81,47.03," 181,836 ","1,392",219,135,44,23,0,2,2,5
Hangu,Population,"296,719","284,334","581,053","1,097",529.67,8.6,26.49,34.04,11.29,2.07,26.12," 36,747 ","1,237",141,130,62,10,1,0,3,8
Haripur,Population,"626,236","617,357","1,243,593","1,725",720.92,6.1,64.18,19.54,7.91,0.83,7.54," 136,989 ",817,87,72,27,6,0,1,1,1
Karak,Population,"445,980","417,686","863,666","3,371",256.2,8.4,2.14,64.47,4.26,3.06,26.07," 69,559 ",332,39,39,11,4,0,0,1,1
Khurram,Population,"430,764","400,675","831,439","3,380",245.99,8.3,11.4,6.33,28.96,5.89,47.42," 56,638 ",917,130,120,39,11,3,1,1,5
Khyber ,Population,"633,321","580,086","1,213,407","2,576",471.04,6.8,5.75,19.85,18.64,3.95,51.82," 100,968 ",790,87,84,19,9,1,1,1,3
Kohat,Population,"666,472","640,506","1,306,978","2,991",436.97,7.2,30.49,38.41,7.45,1.79,21.87," 111,155 ",598,87,51,6,6,0,0,1,2
Upper Kohistan,Population,"228,851","218,869","447,720","5,440",82.3,5.9,6.09,3.3,38.68,33.19,18.74," 38,766 ",827,112,93,33,13,2,2,1,3
Lower Kohistan,Population,"183,832","176,095","359,927",642,560.63,6.4,6.09,3.3,38.68,33.19,18.74," 31,165 ",209,26,7,3,0,0,0,0,0
Kolai Palas,Population,"150,942","145,630","296,572","1,410",210.33,6.9,6.09,3.3,38.68,33.19,18.74," 25,679 ",296,30,12,3,2,0,0,0,1
Lakki Marwat,Population,"558,010","543,812","1,101,822","3,296",334.29,7.8,1.1,33.52,9.65,2.25,53.47," 93,746 ",381,28,16,0,0,0,0,0,0
Lower Dir,Population,"861,231","885,395","1,746,626","1,583",1103.36,8.1,43.77,8.4,27.89,3.5,16.44," 139,565 ",548,97,71,7,7,1,0,1,3
Malakand,Population,"447,569","427,077","874,646",952,918.75,7.3,55.61,12.11,13.51,2.28,16.49," 72,987 ",993,116,87,20,7,1,1,1,2
Mansehra,Population,"965,705","936,737","1,902,442","4,125",461.2,6.1,33.93,43.29,4.37,0.94,17.47," 201,354 ",557,62,71,19,12,1,1,1,2
Mardan,Population,"1,491,348","1,414,326","2,905,674","1,632",1780.44,6.8,49,21.25,13.21,0.89,15.64," 248,420 ","1,823",187,144,47,11,1,1,2,5
Mohmand ,Population,"297,872","288,507","586,379","2,296",255.39,8.6,4.27,6.47,13.48,6.69,69.08," 47,058 ","1,474",177,167,88,17,2,3,4,9
North Waziristan,Population,"375,424","358,518","733,942","4,707",155.93,6.9,1.05,16.58,3.35,4.84,74.18," 56,155 ",530,81,45,4,4,0,0,1,1
Nowshera,Population,"938,447","904,216","1,842,663","1,748",1054.16,6.7,23.84,20.63,18.83,12.95,23.75," 298,324 ",901,127,50,2,2,1,0,1,2
Orakzai,Population,"216,877","193,384","410,261","1,538",266.75,7.4,1.93,3.59,24.77,2.87,66.83," 29,498 ",796,102,104,53,13,1,0,2,4
Peshawar,Population,"2,572,326","2,458,817","5,031,143","1,518",3314.32,6.8,50.5,11.46,12.24,1.68,24.12," 334,467 ",476,86,39,5,6,0,0,0,1
Shahgla,Population,"486,913","456,479","943,392","1,586",594.82,7,13.59,24.54,24.45,7.85,29.56," 79,880 ","1,209",187,158,56,34,0,7,4,12
South Waziristan,Population,"486,462","454,265","940,727","6,620",142.1,4.9,0.3,1.85,2.99,6.34,88.52," 76,449 ",605,76,52,14,5,0,0,1,1
Swabi,Population,"1,015,256","990,316","2,005,572","1,543",1299.79,6.7,52.95,27.56,10,0.8,8.69," 175,882 ",674,108,44,2,5,0,0,1,2
Swat,Population,"1,456,051","1,388,783","2,844,834","5,337",533.04,7,45.18,13.07,17.67,4.88,19.19," 223,522 ","1,027",131,124,54,17,1,2,2,5
Tank,Population,"255,741","242,099","497,840","2,900",171.67,6.6,0.88,15.47,3.18,5.27,75.2," 40,863 ","1,363",148,119,58,15,3,1,2,7
Tor Ghar,Population,"107,089","104,038","211,127",454,465.04,6.8,4.14,4.04,64.06,4.71,23.05," 21,543 ",577,97,51,5,3,2,0,0,1
Upper Dir,Population,"568,773","578,260","1,147,033","3,699",310.09,7.2,12.66,10.27,50.81,5.8,20.47," 112,497 ",207,27,10,3,0,0,0,0,0
