Sindh,Population,Male,Female,Total,Area,DENSITY /SQ.K.M,AVR H.H SIZE,Brick Masonry,Block Masonry,Stone Masonry,Timber,Adobe,Total Str,Hospitals,Dispensaries,RHCs,TB Clinics,MCHC,BHU,Trauma centers,Leprosy Clinic,Total.1,Primary,Elementary,Middle,Secondary,Hi. Secondary ,Total.2,High Type Roads
Badin,Population,1012928,934153,1947081,6858,283.913823272091,4.8,4.505911846142333,18.44022050936666,4.3032377959041135,49.73247025368555,23.018159594901345,320712,5.0,84.0,10.0,12.0,1.0,39.0,0.0,1.0,152.0,1913,32,59,49,25,2078,1623.0
Dadu,Population,883879,858441,1742320,7866,221.50012712941773,5.1,1.8677339432056412,34.92191616497943,5.336756391140409,10.689208025501033,47.184385475173485,267597,4.0,79.0,5.0,14.0,4.0,47.0,3.0,1.0,157.0,1367,50,40,81,21,1559,1100.0
Ghotki,Population,920375,852234,1772609,6083,291.4037481505836,5.3,2.5892662726866407,51.72878791930413,3.6310085455719268,11.874410271494769,30.176526990942534,261773,4.0,50.0,3.0,8.0,3.0,36.0,4.0,0.0,108.0,1251,56,73,26,24,1430,1125.0
Hyderabad,Population,1289450,1143090,2432540,993,2449.6878147029206,5.4,61.404417936261666,23.761032123508915,3.2565429712338174,3.519469949385762,8.058537019609838,314536,10.0,29.0,3.0,11.0,7.0,17.0,1.0,2.0,80.0,674,9,67,74,17,841,526.0
Jacobabad,Population,595896,578201,1174097,2698,435.17309117865085,6.0,2.517346513515292,28.731968034159287,9.717703314299085,22.333681847760126,36.69930029026621,136771,3.0,10.0,3.0,9.0,15.0,20.0,0.0,1.0,61.0,927,6,50,39,14,1036,697.0
Jamshoro,Population,578103,539205,1117308,11204,99.72402713316673,5.2,12.056072331222804,45.11516714870111,3.1501602438833736,12.988222725969932,26.690377550222777,153516,4.0,24.0,5.0,11.0,2.0,17.0,0.0,2.0,65.0,628,70,16,46,9,769,642.0
Qambar Shahdadkot,Population,791159,723710,1514869,5475,276.688401826484,5.6,1.9053663070473068,33.9567957065546,11.534137188372918,11.4776707858824,41.12603001214278,200119,4.0,34.0,4.0,7.0,2.0,28.0,2.0,0.0,81.0,1189,16,54,47,15,1321,737.0
Central Karachi,Population,2019678,1802647,3822325,69,55396.014492753624,5.8,79.16076686220305,18.33450526728121,0.08958070450889546,0.18140895357536177,2.23373821243149,311451,14.0,57.0,5.0,33.0,21.0,33.0,3.0,1.0,167.0,195,11,15,88,13,322,367.0
East Karachi,Population,2085145,1836597,3921742,139,28213.97122302158,5.9,75.14705781649101,20.596996528134436,0.33040929665618946,0.448877293177476,3.4766590655408782,292062,,,,,,,,,,91,2,16,55,12,176,
South Karachi,Population,1241244,1088520,2329764,122,19096.426229508197,5.4,82.69421197666458,13.688344169255405,0.2614201565125872,0.11769565488012584,3.238328042687309,176727,,,,,,,,,,60,6,14,49,9,138,
West Karachi,Population,1415628,1263752,2679380,370,7241.567567567568,5.7,41.54996702526689,52.26108775400849,0.3542207658381765,0.6767548740777379,5.157969580808706,388176,,,,,,,,,,134,6,8,27,3,178,
Keamari,Population,1100838,967613,2068451,559,3700.2701252236134,6.4,41.54996702526689,52.26108775400849,0.3542207658381765,0.6767548740777379,5.157969580808706,270469,,,,,,,,,,144,7,10,31,12,204,
Kashmore,Population,628311,605646,1233957,2580,478.2779069767442,5.9,1.917517257655319,34.24128594935132,5.627339534944704,25.547885486524933,32.66597177152372,152541,2.0,34.0,4.0,8.0,2.0,27.0,0.0,2.0,77.0,818,26,50,37,14,945,583.0
Khairpur,Population,1316063,1281472,2597535,15910,163.26429918290384,5.7,1.701215077225859,38.81882941855988,2.4951332734351603,13.78968253968254,43.195139691096564,373968,3.0,105.0,11.0,12.0,6.0,89.0,0.0,1.0,226.0,2943,128,54,126,42,3293,2668.0
Korangi,Population,1650838,1478133,3128971,108,28971.953703703704,6.3,72.40087558955611,24.264136182760513,0.15345383973100443,0.2068617937550305,2.9746725941973384,265878,,,,,,,,,,120,5,12,72,9,218,
Larkana,Population,932721,851732,1784453,1948,916.0436344969199,5.5,2.706634359014443,40.35156283925206,6.327783712427156,7.545834310379267,43.068184778927076,230286,4.0,30.0,4.0,11.0,0.0,27.0,1.0,1.0,78.0,1015,24,52,63,21,1175,1160.0
Malir,Population,1288824,1143424,2432248,2160,1126.0407407407408,5.7,44.6296133438865,44.862662328144694,0.7934414055247755,2.6822618942924983,7.032021028151536,204678,,,,,,,,,,450,15,48,53,13,579,
Matiari,Population,430121,419262,849383,1417,599.4234297812279,5.3,6.005103048942878,52.743533131158664,3.8994510356440237,10.372763120591747,26.97914966366268,116401,3.0,23.0,4.0,5.0,1.0,20.0,2.0,0.0,58.0,808,20,16,40,11,895,381.0
Mirpur Khas,Population,882136,799250,1681386,2925,574.8328205128205,5.3,14.647729121724115,28.628865059494753,8.20224542176453,19.467670230578257,29.053490166438344,190521,3.0,48.0,5.0,10.0,11.0,38.0,2.0,2.0,119.0,1453,40,70,75,23,1661,1068.0
Naushahro Feroze,Population,901697,875385,1777082,2946,603.2186014935506,5.5,2.847571850191758,41.598933097646814,2.3882987957892077,9.338946670664921,43.826249585707295,253444,3.0,50.0,13.0,15.0,0.0,45.0,3.0,0.0,129.0,1626,64,91,53,31,1865,886.0
Sanghar,Population,1172717,1135748,2308465,10728,215.18130126771067,5.6,7.784817573421662,39.018929008196984,7.594778745601118,21.330699649515633,24.270775023264605,280469,4.0,33.0,6.0,11.0,0.0,58.0,3.0,1.0,116.0,2133,17,91,55,30,2326,1399.0
Shaheed Benazir Abad,Population,937020,908082,1845102,4502,409.84051532652154,5.5,6.228589224540642,38.98449728409243,4.137158388170534,11.104280335049566,39.54547476814683,247247,3.0,57.0,8.0,11.0,16.0,37.0,0.0,1.0,133.0,1974,101,57,90,18,2240,1997.0
Shikarpur,Population,700743,685587,1386330,2512,551.8829617834394,6.4,1.7257123996039168,30.165584772802287,4.861921003410716,14.756848938277038,48.48993288590604,181780,2.0,16.0,9.0,9.0,5.0,37.0,2.0,1.0,81.0,874,18,52,51,15,1010,743.0
Sujawal,Population,437183,402109,839292,8785,95.53693796243597,5.2,5.706842007319645,9.754013054056475,1.8402497777226392,63.27495537221981,19.42393978868143,145089,3.0,17.0,2.0,5.0,0.0,29.0,3.0,0.0,59.0,973,2,27,17,8,1027,0.0
Sukkur,Population,870168,769729,1639897,5165,317.50183930300096,6.1,6.560287642694955,46.57866679752149,2.0631939580758987,13.742879192744695,31.05497240896296,224167,5.0,36.0,5.0,14.0,2.0,26.0,2.0,1.0,91.0,1251,56,73,26,24,1430,984.0
Tando Allahyar,Population,468525,453487,922012,1554,593.3153153153153,5.1,9.4503002561626,44.117918783857554,6.995338680552639,11.231680174694494,28.20476210473271,119065,1.0,36.0,3.0,7.0,0.0,15.0,0.0,0.0,62.0,631,13,41,28,12,725,583.0
Tando Muhammad Khan,Population,376757,349362,726119,1423,510.2733661278988,5.0,6.5934545200795505,28.43672586441506,5.936638637870277,29.274100694323298,29.759080283311818,114644,3.0,28.0,2.0,5.0,0.0,14.0,0.0,0.0,52.0,775,15,17,38,4,849,374.0
Tharparkar,Population,928366,850041,1778407,19637,90.56408820084535,5.4,0.36997526703449024,15.732951920202213,2.6883510450357404,14.277172288206996,66.93154947952056,294344,5.0,37.0,2.0,8.0,18.0,40.0,0.0,0.0,110.0,3024,92,174,65,13,3368,1177.0
Thatta,Population,555296,527895,1083191,8570,126.3933488914819,5.2,9.641069949958599,22.209021852611873,1.8756525182705115,49.3267811498722,16.94747452928682,166662,2.0,12.0,6.0,15.0,0.0,22.0,1.0,1.0,59.0,946,5,29,38,10,1028,1452.0
Umer Kot,Population,606837,552994,1159831,5608,206.8172253922967,5.2,2.6562032387856216,29.643201542912248,2.7666012702424103,19.137432248196056,45.796561699863666,150365,5.0,11.0,6.0,11.0,5.0,32.0,0.0,0.0,70.0,1763,67,62,57,20,1969,1218.0
