Province,Division,District,Tehsil,Projected Population,Pakka,Semi_Pakka,Kacha,Built_Less_Than_7_Years,Built_7_to_12_Years,Built_12_to_22_Years,Built_22_to_52_Years,Built_Over_52_Years
ISLAMABAD ,FEDERAL CAPITAL AREA,ISLAMABAD DISTRICT,ISLAMABAD TEHSIL,2515800,402895,7780,5910,46642,101036,137549,100241,19933
BALOCHISTAN,KALAT DIVISION,AWARAN DISTRICT,AWARAN SUB-DIVISION,51109,1782,1333,3462,1483,2146,1646,913,178
BALOCHISTAN,KALAT DIVISION,AWARAN DISTRICT,GISHKORE TEHSIL,35129,635,735,4943,1575,2559,1598,311,26
BALOCHISTAN,KALAT DIVISION,AWARAN DISTRICT,JHAL JAO TEHSIL,31411,135,607,3306,738,1101,1310,638,146
BALOCHISTAN,KALAT DIVISION,AWARAN DISTRICT,KORAK JHAO TEHSIL,30875,250,710,3582,394,741,1493,897,446
BALOCHISTAN,KALAT DIVISION,AWARAN DISTRICT,MASHKAI TEHSIL,51292,1255,828,5357,1224,2203,1829,663,418
BALOCHISTAN,KALAT DIVISION,KALAT DISTRICT,GAZG SUB-TEHSIL,9252,113,134,1247,286,229,283,185,72
BALOCHISTAN,KALAT DIVISION,KALAT DISTRICT,JOHAN SUB-TEHSIL,17564,81,222,2333,486,580,744,448,79
BALOCHISTAN,KALAT DIVISION,KALAT DISTRICT,KALAT SUB-DIVISION,186916,2383,2650,16537,2415,4011,5119,4441,2692
BALOCHISTAN,KALAT DIVISION,KALAT DISTRICT,MANGOCHAR SUB-DIVISION,89478,374,866,8481,1091,1412,2769,2211,1231
BALOCHISTAN,KALAT DIVISION,KHUZDAR DISTRICT,ARANJI SUB-TEHSIL,56423,597,1077,9336,1439,2532,2891,1595,558
BALOCHISTAN,KALAT DIVISION,KHUZDAR DISTRICT,GRESHA SUB-TEHSIL,77785,352,1438,8698,2335,3015,2388,1280,334
BALOCHISTAN,KALAT DIVISION,KHUZDAR DISTRICT,KARAKH SUB-DIVISION,40185,631,1793,5065,919,1690,1987,922,439
BALOCHISTAN,KALAT DIVISION,KHUZDAR DISTRICT,KHUZDAR SUB-DIVISION,401242,13376,9501,35272,7962,10949,16491,12314,3037
BALOCHISTAN,KALAT DIVISION,KHUZDAR DISTRICT,MOOLA SUB-TEHSIL,36499,160,1092,3080,529,965,1251,959,136
BALOCHISTAN,KALAT DIVISION,KHUZDAR DISTRICT,NAL SUB-DIVISION,115709,721,1439,13365,2709,3877,4281,3332,842
BALOCHISTAN,KALAT DIVISION,KHUZDAR DISTRICT,ORNACH SUB-DIVISION,46684,447,857,12276,4585,3409,2532,1366,685
BALOCHISTAN,KALAT DIVISION,KHUZDAR DISTRICT,SAROONA SUB-TEHSIL,40620,310,401,5877,1251,1164,1676,1778,503
BALOCHISTAN,KALAT DIVISION,KHUZDAR DISTRICT,WADH SUB-DIVISION,129776,1727,1785,19078,4422,4891,6622,3756,1264
BALOCHISTAN,KALAT DIVISION,KHUZDAR DISTRICT,ZEHRI SUB-DIVISION,168519,1651,4649,14757,5132,5415,4471,2337,879
BALOCHISTAN,KALAT DIVISION,LASBELA DISTRICT,BELA SUB-DIVISION,144330,4686,9230,6242,3060,5483,6569,3454,889
BALOCHISTAN,KALAT DIVISION,LASBELA DISTRICT,DUREJI SUB-DIVISION,58324,2218,1146,6824,1541,2721,3179,1555,832
BALOCHISTAN,KALAT DIVISION,LASBELA DISTRICT,GADDANI TEHSIL,32620,4174,875,1563,458,1448,2495,1626,517
BALOCHISTAN,KALAT DIVISION,LASBELA DISTRICT,HUB SUB-DIVISION,260651,28426,7618,2490,6213,10467,14173,6271,331
BALOCHISTAN,KALAT DIVISION,LASBELA DISTRICT,KANRAJ SUB-DIVISION,17860,164,63,2523,524,766,1033,341,31
BALOCHISTAN,KALAT DIVISION,LASBELA DISTRICT,LAKHRA TEHSIL,52192,769,4592,2177,1487,2708,2004,953,67
BALOCHISTAN,KALAT DIVISION,LASBELA DISTRICT,LIARI SUB-TEHSIL,18975,680,467,1502,504,704,602,274,446
BALOCHISTAN,KALAT DIVISION,LASBELA DISTRICT,SONMIANI/WINDER TEHSIL,75915,9951,1069,3756,3844,3903,4225,1560,65
BALOCHISTAN,KALAT DIVISION,LASBELA DISTRICT,UTHAL SUB-DIVISION,99298,5804,2475,6461,2228,3378,5231,2484,495
BALOCHISTAN,KALAT DIVISION,MASTUNG DISTRICT,DASHT SUB-DIVISION,75803,1108,1736,7606,752,1789,2528,3874,1067
BALOCHISTAN,KALAT DIVISION,MASTUNG DISTRICT,KHAD KOCHA SUB-TEHSIL,51673,249,906,5043,346,980,2117,1457,811
BALOCHISTAN,KALAT DIVISION,MASTUNG DISTRICT,KIRDGAP SUB-DIVISION,40596,96,580,4396,194,457,1469,1679,1178
BALOCHISTAN,KALAT DIVISION,MASTUNG DISTRICT,MASTUNG SUB-DIVISION,180715,2750,7565,12698,2669,3472,6089,7056,2676
BALOCHISTAN,KALAT DIVISION,SURAB DISTRICT,DASHT E GORAN SUB-DIVISION,30709,116,264,3111,1222,858,704,221,87
BALOCHISTAN,KALAT DIVISION,SURAB DISTRICT,GIDDER SUB-DIVISION,100078,1101,1667,18619,3801,5284,5598,2108,657
BALOCHISTAN,KALAT DIVISION,SURAB DISTRICT,SHAHEED MEHARABAD ZEHRI SUB-DIVISION,74178,637,1247,12360,2343,2552,3167,2895,1060
BALOCHISTAN,KALAT DIVISION,SURAB DISTRICT,SURAB SUB-DIVISION,106596,1948,2527,12214,3347,3808,3772,2146,1016
BALOCHISTAN,LORALAI DIVISION,BARKHAN DISTRICT,BARKHAN TEHSIL,234754,1563,2515,19491,2839,4336,6644,6119,2599
BALOCHISTAN,LORALAI DIVISION,DUKI DISTRICT,DUKI SUB-DIVISION,153296,3410,5979,20367,3863,5249,7111,4902,2331
BALOCHISTAN,LORALAI DIVISION,DUKI DISTRICT,LUNI SUB-DIVISION,15202,409,490,2644,585,405,448,439,395
BALOCHISTAN,LORALAI DIVISION,DUKI DISTRICT,TALAO SUB-TEHSIL,24486,404,571,4733,644,1177,1974,543,466
BALOCHISTAN,LORALAI DIVISION,DUKI DISTRICT,THAL CHUTYALI SUB-DIVISION,35959,270,2308,6074,1155,1231,2037,1809,1696
BALOCHISTAN,LORALAI DIVISION,LORALAI DISTRICT,BORI SUB-DIVISION,248533,3815,5427,23306,3781,5154,8539,8392,3870
BALOCHISTAN,LORALAI DIVISION,LORALAI DISTRICT,MEKHTAR SUB-DIVISION,52226,392,384,6808,1446,1298,1833,1619,365
BALOCHISTAN,LORALAI DIVISION,MUSAKHEL DISTRICT,DRUG TEHSIL,24332,1116,2819,1372,888,824,1223,872,485
BALOCHISTAN,LORALAI DIVISION,MUSAKHEL DISTRICT,KINGRI TEHSIL,37536,556,1264,4712,451,1684,2154,1580,559
BALOCHISTAN,LORALAI DIVISION,MUSAKHEL DISTRICT,MUSAKHEL TEHSIL,55614,1122,1443,5550,921,1646,2199,1795,526
BALOCHISTAN,LORALAI DIVISION,MUSAKHEL DISTRICT,TIYAR ESSOT SUB-TEHSIL,11800,56,526,1222,601,423,404,171,58
BALOCHISTAN,LORALAI DIVISION,MUSAKHEL DISTRICT,TOISAR TEHSIL,63440,686,2758,5185,622,1496,2634,2083,1422
BALOCHISTAN,LORALAI DIVISION,MUSAKHEL DISTRICT,ZIMRI PLASEEN SUB-TEHSIL,10797,233,545,1769,196,421,463,520,251
BALOCHISTAN,MEKRAN DIVISION,GWADAR DISTRICT,GWADAR SUB-DIVISION,164885,16050,3746,5389,2442,4838,8228,5676,2698
BALOCHISTAN,MEKRAN DIVISION,GWADAR DISTRICT,JIWANI TEHSIL,39084,2906,485,1173,1102,1209,1363,556,47
BALOCHISTAN,MEKRAN DIVISION,GWADAR DISTRICT,ORMARA TEHSIL,28475,1627,1679,2297,337,1304,1896,1262,429
BALOCHISTAN,MEKRAN DIVISION,GWADAR DISTRICT,PASNI SUB-DIVISION,82768,5335,2597,5996,2278,3841,4287,2188,895
BALOCHISTAN,MEKRAN DIVISION,GWADAR DISTRICT,SUNTSER SUB-TEHSIL,22915,605,300,1438,403,772,751,269,24
BALOCHISTAN,MEKRAN DIVISION,KECH DISTRICT,BALNIGORE SUB-TEHSIL,56279,1694,3639,10266,3042,3592,4304,1911,330
BALOCHISTAN,MEKRAN DIVISION,KECH DISTRICT,BULAIDA SUB-DIVISION,120417,3430,3455,19311,6408,5450,6255,3147,1197
BALOCHISTAN,MEKRAN DIVISION,KECH DISTRICT,DASHT SUB-DIVISION,100579,2560,1779,19002,5161,4997,4964,1823,1880
BALOCHISTAN,MEKRAN DIVISION,KECH DISTRICT,HOSHAB SUB-TEHSIL,74324,2499,3860,12994,5711,4547,2666,984,249
BALOCHISTAN,MEKRAN DIVISION,KECH DISTRICT,MAND TEHSIL,63389,2331,4782,9721,5311,3667,3972,2317,595
BALOCHISTAN,MEKRAN DIVISION,KECH DISTRICT,TUMP SUB-DIVISION,164174,5036,17631,20496,13424,8468,7067,4295,1261
BALOCHISTAN,MEKRAN DIVISION,KECH DISTRICT,TURBAT SUB-DIVISION,525329,39172,28056,43958,26598,25723,24180,11266,2596
BALOCHISTAN,MEKRAN DIVISION,KECH DISTRICT,ZAMORAN SUB-TEHSIL,79963,1459,3072,18984,5841,4664,4125,1985,1793
BALOCHISTAN,MEKRAN DIVISION,PANJGUR DISTRICT,GICHK SUB-TEHSIL,37492,2841,3116,15182,2298,1667,1630,1377,3140
BALOCHISTAN,MEKRAN DIVISION,PANJGUR DISTRICT,GOWARGO SUB-DIVISION,35415,988,1993,7144,3451,1746,1635,714,447
BALOCHISTAN,MEKRAN DIVISION,PANJGUR DISTRICT,JAHEEN PAROME TEHSIL,34739,1038,1178,5878,1509,1193,1147,726,340
BALOCHISTAN,MEKRAN DIVISION,PANJGUR DISTRICT,KALLAG SUB-TEHSIL,23554,1108,1870,5475,2831,905,1586,578,209
BALOCHISTAN,MEKRAN DIVISION,PANJGUR DISTRICT,PANJGUR SUB-DIVISION,437998,13595,17949,60238,18939,17783,13983,7609,7145
BALOCHISTAN,NASIRABAD DIVISION,JAFFARABAD DISTRICT,GANDAKHA TEHSIL,90653,2791,2049,12373,3869,2828,2819,1134,656
BALOCHISTAN,NASIRABAD DIVISION,JAFFARABAD DISTRICT,JHAT PAT SUB-DIVISION,337755,11650,6960,24221,10343,9126,9006,3862,219
BALOCHISTAN,NASIRABAD DIVISION,JAFFARABAD DISTRICT,USTA MUHAMMAD SUB-DIVISION,235447,9482,5921,19515,7531,4995,6747,3956,1074
BALOCHISTAN,NASIRABAD DIVISION,JHAL MAGSI DISTRICT,GANDAWA TEHSIL,79532,1064,2065,9254,2338,3004,2909,1330,254
BALOCHISTAN,NASIRABAD DIVISION,JHAL MAGSI DISTRICT,JHAL MAGSI TEHSIL,130110,1578,2263,15414,5357,4480,3206,1913,99
BALOCHISTAN,NASIRABAD DIVISION,JHAL MAGSI DISTRICT,MIRPUR SUB-TEHSIL,17429,453,496,2598,443,372,349,394,274
BALOCHISTAN,NASIRABAD DIVISION,KACHHI DISTRICT,BALANARI SUB-TEHSIL,67170,520,802,5817,750,985,1423,1343,1406
BALOCHISTAN,NASIRABAD DIVISION,KACHHI DISTRICT,BHAG SUB-DIVISION,93441,2242,4240,12824,2825,3201,3603,2079,1610
BALOCHISTAN,NASIRABAD DIVISION,KACHHI DISTRICT,DHADAR SUB-DIVISION,55644,1372,1166,4968,1312,1265,1886,2000,384
BALOCHISTAN,NASIRABAD DIVISION,KACHHI DISTRICT,KHATTAN SUB-TEHSIL,25569,306,490,2503,394,399,544,413,398
BALOCHISTAN,NASIRABAD DIVISION,KACHHI DISTRICT,MACH SUB-DIVISION,84045,2289,1477,2321,787,1269,1360,1358,538
BALOCHISTAN,NASIRABAD DIVISION,KACHHI DISTRICT,SANNI SUB-DIVISION,168399,418,484,11131,859,1696,2825,2689,3097
BALOCHISTAN,NASIRABAD DIVISION,NASIRABAD DISTRICT,BABA KOT TEHSIL,59915,1191,1699,7557,3108,2109,1161,462,64
BALOCHISTAN,NASIRABAD DIVISION,NASIRABAD DISTRICT,CHATTAR SUB-DIVISION,36038,426,499,5743,1409,1299,1211,428,850
BALOCHISTAN,NASIRABAD DIVISION,NASIRABAD DISTRICT,DERA MURAD JAMALI SUB-DIVISION,296804,11839,9202,25938,11530,10050,6758,3386,283
BALOCHISTAN,NASIRABAD DIVISION,NASIRABAD DISTRICT,LANDHI TEHSIL,9645,108,116,1494,847,187,129,115,36
BALOCHISTAN,NASIRABAD DIVISION,NASIRABAD DISTRICT,MIR HASSAN KHOSA TEHSIL,59624,922,817,7919,4282,1291,957,316,29
BALOCHISTAN,NASIRABAD DIVISION,NASIRABAD DISTRICT,TAMBOO TEHSIL,166945,5098,5132,18722,8804,5402,3270,770,70
BALOCHISTAN,NASIRABAD DIVISION,SOHBATPUR DISTRICT,FARIDABAD TEHSIL,76984,2572,1745,7067,2714,1916,1703,539,236
BALOCHISTAN,NASIRABAD DIVISION,SOHBATPUR DISTRICT,HAIR DIN TEHSIL,18860,369,261,2012,769,627,968,112,2
BALOCHISTAN,NASIRABAD DIVISION,SOHBATPUR DISTRICT,MANJHIPUR TEHSIL,26377,718,483,2319,1126,552,837,503,62
BALOCHISTAN,NASIRABAD DIVISION,SOHBATPUR DISTRICT,PANHWAR TEHSIL,53175,1681,806,6219,1898,2917,1540,410,14
BALOCHISTAN,NASIRABAD DIVISION,SOHBATPUR DISTRICT,SAEED MUHAMMAD KANRANI TEHSIL,20293,466,196,1960,660,1161,323,145,61
BALOCHISTAN,NASIRABAD DIVISION,SOHBATPUR DISTRICT,SOHBATPUR SUB-DIVISION,72402,2008,1491,6223,2294,1540,1423,1403,419
BALOCHISTAN,QUETTA DIVISION,CHAMAN DISTRICT,CHAMAN CITY SUB-DIVISION,145307,6244,5381,8884,1219,2445,4189,6921,2927
BALOCHISTAN,QUETTA DIVISION,CHAMAN DISTRICT,CHAMAN SADDAR SUB-DIVISION,375250,4410,12754,29732,5520,6623,11334,7500,7748
BALOCHISTAN,QUETTA DIVISION,KILLA ABDULLAH DISTRICT,DOBANDI SUB-TEHSIL,77890,673,919,12611,1311,2280,3264,2286,2646
BALOCHISTAN,QUETTA DIVISION,KILLA ABDULLAH DISTRICT,GULISTAN SUB-DIVISION,141215,2794,5471,18698,4178,4549,4574,4644,2594
BALOCHISTAN,QUETTA DIVISION,KILLA ABDULLAH DISTRICT,KILLA ABDULLAH SUB-DIVISION,185055,2288,8117,22918,4629,6217,5412,5572,5934
BALOCHISTAN,QUETTA DIVISION,PISHIN DISTRICT,BARSHORE TEHSIL,158544,494,1546,18588,1914,3004,5906,5622,2998
BALOCHISTAN,QUETTA DIVISION,PISHIN DISTRICT,BOSTAN TEHSIL,55516,1270,3493,4945,509,1125,2202,3242,1727
BALOCHISTAN,QUETTA DIVISION,PISHIN DISTRICT,HURRAM ZAI SUB-DIVISION,165076,895,8889,15871,2214,3424,6493,7412,4865
BALOCHISTAN,QUETTA DIVISION,PISHIN DISTRICT,KAREZAT SUB-DIVISION,66721,321,2987,5985,1434,2279,3038,1935,280
BALOCHISTAN,QUETTA DIVISION,PISHIN DISTRICT,NANA SAHIB TEHSIL,50657,161,1159,6451,490,1133,2339,2031,1515
BALOCHISTAN,QUETTA DIVISION,PISHIN DISTRICT,PISHIN SUB-DIVISION,363595,10137,17737,40285,9286,10481,17280,14847,8993
BALOCHISTAN,QUETTA DIVISION,PISHIN DISTRICT,SARANAN TEHSIL,72751,957,3320,8158,753,1832,2909,3335,1879
BALOCHISTAN,QUETTA DIVISION,QUETTA DISTRICT,SUB-DIVISION CITY,1271328,102824,29721,13730,15194,24026,46929,46303,9532
BALOCHISTAN,QUETTA DIVISION,QUETTA DISTRICT,SUB-DIVISION KUCHLAK,293826,13326,14859,10519,4513,6632,10675,11350,2554
BALOCHISTAN,QUETTA DIVISION,QUETTA DISTRICT,SUB-DIVISION SADDAR TEHSIL,320315,16886,10631,7785,6394,7898,10281,7201,2041
BALOCHISTAN,QUETTA DIVISION,QUETTA DISTRICT,SUB-DIVISION SARIAB,626682,40341,20403,10414,10657,19536,24188,10739,2043
BALOCHISTAN,QUETTA DIVISION,QUETTA DISTRICT,SUB-TEHSIL PANJPAI,23862,51,157,3230,363,421,988,1433,153
BALOCHISTAN,RAKHSHAN DIVISION,CHAGAI DISTRICT,CHAGAI TEHSIL,81872,609,573,10360,963,2294,4121,3050,159
BALOCHISTAN,RAKHSHAN DIVISION,CHAGAI DISTRICT,DALBANDIN SUB-DIVISION,137071,2088,762,15056,2008,4001,6774,3421,1174
BALOCHISTAN,RAKHSHAN DIVISION,CHAGAI DISTRICT,NOKUNDI TEHSIL,33960,452,131,2664,352,697,1235,662,89
BALOCHISTAN,RAKHSHAN DIVISION,CHAGAI DISTRICT,TAFTAN SUB-DIVISION,21504,712,302,1952,231,698,994,494,6
BALOCHISTAN,RAKHSHAN DIVISION,CHAGAI DISTRICT,YAK MACHH SUB-TEHSIL,25511,114,88,3544,757,744,1036,812,250
BALOCHISTAN,RAKHSHAN DIVISION,KHARAN DISTRICT,KHARAN SUB-DIVISION,116160,1419,1392,11920,1995,4112,4722,2103,384
BALOCHISTAN,RAKHSHAN DIVISION,KHARAN DISTRICT,PATKAIN SUB-TEHSIL,22888,169,782,2671,763,1030,1145,610,27
BALOCHISTAN,RAKHSHAN DIVISION,KHARAN DISTRICT,SAR KHARAN SUB-DIVISION,96040,408,880,10758,2681,3262,3157,1495,224
BALOCHISTAN,RAKHSHAN DIVISION,KHARAN DISTRICT,TOHMULK SUB-TEHSIL,55608,297,573,6166,1592,1355,1917,1370,311
BALOCHISTAN,RAKHSHAN DIVISION,NUSHKI DISTRICT,DAK SUB-TEHSIL,18902,16,19,2784,173,508,845,741,489
BALOCHISTAN,RAKHSHAN DIVISION,NUSHKI DISTRICT,NUSHKI SUB-DIVISION,212447,6173,2523,20452,3768,5561,9764,8184,511
BALOCHISTAN,RAKHSHAN DIVISION,WASHUK DISTRICT,BESIMA SUB-DIVISION,70754,683,1273,9505,2441,2836,3049,1117,207
BALOCHISTAN,RAKHSHAN DIVISION,WASHUK DISTRICT,MASHKHEL SUB-DIVISION,74968,1338,544,11656,3838,4271,2709,1336,140
BALOCHISTAN,RAKHSHAN DIVISION,WASHUK DISTRICT,NAG SUB-TEHSIL,64165,907,1665,8699,3343,2205,1342,864,389
BALOCHISTAN,RAKHSHAN DIVISION,WASHUK DISTRICT,SHAHOO GARHI SUB-TEHSIL,65945,111,185,6006,743,1227,2278,1536,331
BALOCHISTAN,RAKHSHAN DIVISION,WASHUK DISTRICT,WASHUK SUB-DIVISION,61778,338,526,9289,2206,2139,2913,1745,171
BALOCHISTAN,SIBI DIVISION,DERA BUGTI DISTRICT,BAIKER SUB-TEHSIL,37304,207,484,4276,1879,1512,1009,252,44
BALOCHISTAN,SIBI DIVISION,DERA BUGTI DISTRICT,DERA BUGTI SUB-DIVISION,56881,1104,569,8280,1347,2364,3033,2189,328
BALOCHISTAN,SIBI DIVISION,DERA BUGTI DISTRICT,LOTI SUB-TEHSIL,24241,968,989,4328,1616,602,212,98,318
BALOCHISTAN,SIBI DIVISION,DERA BUGTI DISTRICT,MALAM SUB-TEHSIL,37226,275,388,4086,1445,1534,817,237,88
BALOCHISTAN,SIBI DIVISION,DERA BUGTI DISTRICT,PIR KOH SUB-TEHSIL,49570,976,1413,7050,3385,2485,1310,236,184
BALOCHISTAN,SIBI DIVISION,DERA BUGTI DISTRICT,QADIRABAD SUB-DIVISION,35982,96,175,3665,1606,798,752,404,201
BALOCHISTAN,SIBI DIVISION,DERA BUGTI DISTRICT,SANGSILLAH SUB-TEHSIL,13983,292,373,1909,712,1086,483,90,44
BALOCHISTAN,SIBI DIVISION,DERA BUGTI DISTRICT,SUI SUB-DIVISION,141495,8017,2390,14937,7218,5776,6553,2909,136
BALOCHISTAN,SIBI DIVISION,HARNAI DISTRICT,HARNAI SUB-DIVISION,91558,2276,1272,6900,1686,1160,2099,3249,1699
BALOCHISTAN,SIBI DIVISION,HARNAI DISTRICT,KHOAST SUB-DIVISION,18496,127,83,2070,141,257,447,633,667
BALOCHISTAN,SIBI DIVISION,HARNAI DISTRICT,SHAHRIG TEHSIL,32386,677,717,3051,596,851,1017,521,593
BALOCHISTAN,SIBI DIVISION,KOHLU DISTRICT,GRISANI SUB-TEHSIL,17023,283,467,2129,838,360,536,179,11
BALOCHISTAN,SIBI DIVISION,KOHLU DISTRICT,KAHAN SUB-DIVISION,120409,1378,1556,11507,3763,2153,1654,1000,623
BALOCHISTAN,SIBI DIVISION,KOHLU DISTRICT,KOHLU SUB-DIVISION,53650,1704,906,6049,1780,1393,2786,2159,250
BALOCHISTAN,SIBI DIVISION,KOHLU DISTRICT,MAWAND SUB-DIVISION,57653,766,988,6787,3011,1891,1196,556,243
BALOCHISTAN,SIBI DIVISION,KOHLU DISTRICT,TAMBOO SUB-TEHSIL,41814,315,615,7137,3229,2241,1083,363,307
BALOCHISTAN,SIBI DIVISION,SIBI DISTRICT,KOT MANDAI SUB-TEHSIL,10884,10,10,1267,417,307,294,195,50
BALOCHISTAN,SIBI DIVISION,SIBI DISTRICT,LEHRI SUB-DIVISION,60293,535,585,6712,2541,1454,1967,1098,305
BALOCHISTAN,SIBI DIVISION,SIBI DISTRICT,SANGAN SUB-TEHSIL,6064,4,5,377,10,37,152,145,34
BALOCHISTAN,SIBI DIVISION,SIBI DISTRICT,SIBI SUB-DIVISION,173032,7451,4766,10874,3186,3450,6793,5934,1628
BALOCHISTAN,SIBI DIVISION,ZIARAT DISTRICT,SINJAWI SUB-DIVISION,123516,966,1249,10390,795,1516,3182,4416,1632
BALOCHISTAN,SIBI DIVISION,ZIARAT DISTRICT,ZIARAT SUB-DIVISION,88109,985,4701,5551,763,2049,5159,2210,224
BALOCHISTAN,ZHOB DIVISION,KILLA SAIFULLAH DISTRICT,BADINI SUB-TEHSIL,23046,104,108,2749,268,675,882,383,369
BALOCHISTAN,ZHOB DIVISION,KILLA SAIFULLAH DISTRICT,KAN MEHTARZAI SUB-TEHSIL,38295,547,1749,5854,902,720,1890,2357,678
BALOCHISTAN,ZHOB DIVISION,KILLA SAIFULLAH DISTRICT,KILLA SAIFULLAH SUB-DIVISION,170292,2658,3329,24630,4340,6786,9082,4729,3084
BALOCHISTAN,ZHOB DIVISION,KILLA SAIFULLAH DISTRICT,LOIBAND TEHSIL,33154,134,162,4943,724,976,1640,1022,610
BALOCHISTAN,ZHOB DIVISION,KILLA SAIFULLAH DISTRICT,MUSLIM BAGH TEHSIL,93561,1224,3259,9999,1961,2813,3172,2590,3151
BALOCHISTAN,ZHOB DIVISION,KILLA SAIFULLAH DISTRICT,SHINKI SUB-TEHSIL,66165,116,402,10921,1380,2351,3476,3471,630
BALOCHISTAN,ZHOB DIVISION,SHERANI DISTRICT,SHERANI SUB-DIVISION,214013,7688,13583,18013,6232,7117,6568,7488,5511
BALOCHISTAN,ZHOB DIVISION,ZHOB DISTRICT,ASHWAT SUB-TEHSIL,28019,154,597,2309,909,411,716,751,98
BALOCHISTAN,ZHOB DIVISION,ZHOB DISTRICT,KAKAR KHURASAN SUB-DIVISION,16700,38,86,2667,917,502,553,343,373
BALOCHISTAN,ZHOB DIVISION,ZHOB DISTRICT,KASHATOO SUB-TEHSIL,6487,54,68,755,204,193,203,81,9
BALOCHISTAN,ZHOB DIVISION,ZHOB DISTRICT,SAMBAZA SUB-TEHSIL,28081,590,1223,1821,183,283,452,320,192
BALOCHISTAN,ZHOB DIVISION,ZHOB DISTRICT,ZHOB SUB-DIVISION,317709,10181,13940,17140,4396,7867,11406,8864,3956
KHYBER PAKHTUNKHWA,BANNU DIVISION,BANNU DISTRICT,BAKKA KHEL TEHSIL,209270,8988,7006,14328,2388,4390,7704,9385,4560
KHYBER PAKHTUNKHWA,BANNU DIVISION,BANNU DISTRICT,BANNU TEHSIL,697995,61065,9655,21308,6641,13443,30311,29284,6570
KHYBER PAKHTUNKHWA,BANNU DIVISION,BANNU DISTRICT,DOMEL TEHSIL,242715,14903,5751,4106,2145,4389,7005,6654,3123
KHYBER PAKHTUNKHWA,BANNU DIVISION,BANNU DISTRICT,KAKKI TEHSIL,99917,4961,2577,6621,1740,2031,3816,3209,1959
KHYBER PAKHTUNKHWA,BANNU DIVISION,BANNU DISTRICT,MERYAN TEHSIL,180559,8205,4219,9462,850,2849,6081,8987,2907
KHYBER PAKHTUNKHWA,BANNU DIVISION,BANNU DISTRICT,WAZIR SUB-DIVISION,40459,745,1310,3636,508,730,1028,1548,1181
KHYBER PAKHTUNKHWA,BANNU DIVISION,LAKKI MARWAT DISTRICT,BETTANI SUB-DIVISION,38622,791,2424,1857,168,570,1452,2018,752
KHYBER PAKHTUNKHWA,BANNU DIVISION,LAKKI MARWAT DISTRICT,GHAZNI KHEL TEHSIL,355693,18730,8883,16276,1572,4479,12380,18693,6218
KHYBER PAKHTUNKHWA,BANNU DIVISION,LAKKI MARWAT DISTRICT,LAKKI MARWAT TEHSIL,369824,24583,10706,10813,2657,6117,14637,15066,5565
KHYBER PAKHTUNKHWA,BANNU DIVISION,LAKKI MARWAT DISTRICT,SARAI NAURANG TEHSIL,361083,14776,6875,17476,1753,6153,11254,13756,4151
KHYBER PAKHTUNKHWA,BANNU DIVISION,NORTH WAZIRISTAN DISTRICT,DATTA KHEL TEHSIL,100107,1058,7234,7505,749,1346,3744,4676,3139
KHYBER PAKHTUNKHWA,BANNU DIVISION,NORTH WAZIRISTAN DISTRICT,DOSSALI TEHSIL,54859,776,2043,4964,186,680,2137,2006,2499
KHYBER PAKHTUNKHWA,BANNU DIVISION,NORTH WAZIRISTAN DISTRICT,GHARYUM TEHSIL,20555,62,264,1705,98,154,542,795,358
KHYBER PAKHTUNKHWA,BANNU DIVISION,NORTH WAZIRISTAN DISTRICT,GHULAM KHAN TEHSIL,33676,650,960,1701,597,498,810,768,295
KHYBER PAKHTUNKHWA,BANNU DIVISION,NORTH WAZIRISTAN DISTRICT,MIR ALI TEHSIL,249352,9238,12662,13623,2460,4920,9664,11641,4435
KHYBER PAKHTUNKHWA,BANNU DIVISION,NORTH WAZIRISTAN DISTRICT,MIRAN SHAH TEHSIL,133687,4695,7070,9681,1195,1806,4728,5843,3130
KHYBER PAKHTUNKHWA,BANNU DIVISION,NORTH WAZIRISTAN DISTRICT,RAZMAK TEHSIL,53603,537,404,2819,177,429,596,1111,919
KHYBER PAKHTUNKHWA,BANNU DIVISION,NORTH WAZIRISTAN DISTRICT,SHEWA TEHSIL,47912,3037,2334,2879,679,625,1351,2588,1819
KHYBER PAKHTUNKHWA,BANNU DIVISION,NORTH WAZIRISTAN DISTRICT,SPINWAM TEHSIL,58861,1779,2759,3182,494,924,1670,2960,1333
KHYBER PAKHTUNKHWA,DERA ISMAIL KHAN DIVISION,DERA ISMAIL KHAN DISTRICT,DARABAN TEHSIL,162271,2240,3022,14970,824,2322,6305,7415,1702
KHYBER PAKHTUNKHWA,DERA ISMAIL KHAN DIVISION,DERA ISMAIL KHAN DISTRICT,DERA ISMAIL KHAN TEHSIL,828683,78148,19292,22170,11401,22613,40516,32112,6744
KHYBER PAKHTUNKHWA,DERA ISMAIL KHAN DIVISION,DERA ISMAIL KHAN DISTRICT,DRAZANDA SUB-DIVISION,89455,1222,4473,4888,622,1259,2296,2465,2306
KHYBER PAKHTUNKHWA,DERA ISMAIL KHAN DIVISION,DERA ISMAIL KHAN DISTRICT,KULACHI TEHSIL,111398,2808,4839,9332,620,2006,4752,6148,1734
KHYBER PAKHTUNKHWA,DERA ISMAIL KHAN DIVISION,DERA ISMAIL KHAN DISTRICT,PAHARPUR TEHSIL,441345,28243,13111,18599,4483,11557,20477,17348,5105
KHYBER PAKHTUNKHWA,DERA ISMAIL KHAN DIVISION,DERA ISMAIL KHAN DISTRICT,PAROA TEHSIL,346184,17100,10932,23504,5559,8300,16093,12865,3203
KHYBER PAKHTUNKHWA,DERA ISMAIL KHAN DIVISION,SOUTH WAZIRISTAN DISTRICT,BIRMIL TEHSIL,122432,484,1478,18465,2125,3658,5896,5679,1734
KHYBER PAKHTUNKHWA,DERA ISMAIL KHAN DIVISION,SOUTH WAZIRISTAN DISTRICT,LADHA TEHSIL,117641,2048,4304,20828,2083,3415,3561,6239,5666
KHYBER PAKHTUNKHWA,DERA ISMAIL KHAN DIVISION,SOUTH WAZIRISTAN DISTRICT,MAKIN TEHSIL,71709,953,2119,11862,2366,3388,2230,1699,2131
KHYBER PAKHTUNKHWA,DERA ISMAIL KHAN DIVISION,SOUTH WAZIRISTAN DISTRICT,SARAROGHA TEHSIL,157570,3174,8765,22689,2202,4185,5737,9857,7827
KHYBER PAKHTUNKHWA,DERA ISMAIL KHAN DIVISION,SOUTH WAZIRISTAN DISTRICT,SERWEKAI TEHSIL,63850,857,3972,7689,1005,1522,2708,3773,3046
KHYBER PAKHTUNKHWA,DERA ISMAIL KHAN DIVISION,SOUTH WAZIRISTAN DISTRICT,SHAKTOI TEHSIL,48136,257,557,8231,547,1585,1734,1974,2773
KHYBER PAKHTUNKHWA,DERA ISMAIL KHAN DIVISION,SOUTH WAZIRISTAN DISTRICT,TIARZA TEHSIL,71444,658,2644,12657,1116,1457,2553,4421,4100
KHYBER PAKHTUNKHWA,DERA ISMAIL KHAN DIVISION,SOUTH WAZIRISTAN DISTRICT,TOI KHULLA TEHSIL,111659,1430,2325,19018,2874,4773,3944,2513,3513
KHYBER PAKHTUNKHWA,DERA ISMAIL KHAN DIVISION,SOUTH WAZIRISTAN DISTRICT,WANA TEHSIL,200489,1881,4503,28252,2783,4573,7797,10804,5607
KHYBER PAKHTUNKHWA,DERA ISMAIL KHAN DIVISION,TANK DISTRICT,JANDOLA SUB-DIVISION,48638,1670,2557,3212,144,835,1869,2764,1083
KHYBER PAKHTUNKHWA,DERA ISMAIL KHAN DIVISION,TANK DISTRICT,TANK TEHSIL,462010,18332,20893,26169,3452,8663,18570,21197,9717
KHYBER PAKHTUNKHWA,HAZARA DIVISION,ABBOTTABAD DISTRICT,ABBOTTABAD TEHSIL,1066227,137200,16530,16371,10061,28510,60905,51848,11809
KHYBER PAKHTUNKHWA,HAZARA DIVISION,ABBOTTABAD DISTRICT,HAVELIAN TEHSIL,278738,37473,4019,1743,2271,5850,14647,16305,2767
KHYBER PAKHTUNKHWA,HAZARA DIVISION,ABBOTTABAD DISTRICT,LORA TEHSIL,107138,14533,2199,686,879,2459,5220,6636,1464
KHYBER PAKHTUNKHWA,HAZARA DIVISION,ABBOTTABAD DISTRICT,LOWER TANAWAL TEHSIL,65408,7098,2016,1663,1000,1237,2912,4341,928
KHYBER PAKHTUNKHWA,HAZARA DIVISION,BATAGRAM DISTRICT,ALLAI TEHSIL,236235,19637,9194,6685,3195,6471,21493,2427,559
KHYBER PAKHTUNKHWA,HAZARA DIVISION,BATAGRAM DISTRICT,BATAGRAM TEHSIL,364526,29565,12488,10157,3563,8276,26516,10522,1645
KHYBER PAKHTUNKHWA,HAZARA DIVISION,HARIPUR DISTRICT,GHAZI TEHSIL,164441,21103,2806,2520,1198,3189,7892,10762,3017
KHYBER PAKHTUNKHWA,HAZARA DIVISION,HARIPUR DISTRICT,HARIPUR TEHSIL,906621,118701,9976,8715,9245,19947,40459,53087,10434
KHYBER PAKHTUNKHWA,HAZARA DIVISION,HARIPUR DISTRICT,KHANPUR TEHSIL,202651,27605,2656,939,1621,3765,8997,13818,2452
KHYBER PAKHTUNKHWA,HAZARA DIVISION,KOLAI PALAS KOHISTAN DISTRICT,BATTAIRA SUB-DIVISION,151987,2719,3851,14335,4546,4500,5414,2634,627
KHYBER PAKHTUNKHWA,HAZARA DIVISION,KOLAI PALAS KOHISTAN DISTRICT,PALAS SUB-DIVISION,105052,814,622,14012,2655,4047,4465,2195,530
KHYBER PAKHTUNKHWA,HAZARA DIVISION,LOWER KOHISTAN DISTRICT,BANKAND RANOLIA TEHSIL,192250,6371,7906,10981,4301,4965,7321,4263,1397
KHYBER PAKHTUNKHWA,HAZARA DIVISION,LOWER KOHISTAN DISTRICT,PATTAN SUB-DIVISION,137081,5447,4784,14254,5556,7456,6837,2520,336
KHYBER PAKHTUNKHWA,HAZARA DIVISION,MANSEHRA DISTRICT,BAFFA PAKHAL TEHSIL,494633,59958,13255,6783,5354,13644,37295,14821,2114
KHYBER PAKHTUNKHWA,HAZARA DIVISION,MANSEHRA DISTRICT,BALAKOT TEHSIL,336778,35961,12277,7021,3849,9535,31627,5993,931
KHYBER PAKHTUNKHWA,HAZARA DIVISION,MANSEHRA DISTRICT,DARBAND TEHSIL,56138,5166,2080,527,258,726,2473,3512,600
KHYBER PAKHTUNKHWA,HAZARA DIVISION,MANSEHRA DISTRICT,MANSEHRA TEHSIL,782521,105390,10536,6654,10852,24817,44061,31528,4034
KHYBER PAKHTUNKHWA,HAZARA DIVISION,MANSEHRA DISTRICT,OGHI TEHSIL,273116,24790,5395,7873,2554,6152,14298,11075,2335
KHYBER PAKHTUNKHWA,HAZARA DIVISION,TORGHAR DISTRICT,DAUR MERA TEHSIL,54837,1212,4313,1915,404,1261,2157,2375,1091
KHYBER PAKHTUNKHWA,HAZARA DIVISION,TORGHAR DISTRICT,JUDBA TEHSIL,68496,1057,2965,4556,468,1346,3608,2449,612
KHYBER PAKHTUNKHWA,HAZARA DIVISION,TORGHAR DISTRICT,KHANDER TEHSIL,94312,1103,7491,5274,681,1184,3356,5941,2003
KHYBER PAKHTUNKHWA,HAZARA DIVISION,UPPER KOHISTAN DISTRICT,DASSU SUB-DIVISION,145075,2444,7526,14157,4366,6157,6580,3952,792
KHYBER PAKHTUNKHWA,HAZARA DIVISION,UPPER KOHISTAN DISTRICT,HARBAN BHASHA TEHSIL,48510,430,4763,1311,712,1195,2228,1756,457
KHYBER PAKHTUNKHWA,HAZARA DIVISION,UPPER KOHISTAN DISTRICT,KANDIA SUB-DIVISION,153393,2236,14535,8295,4680,6130,8142,3351,868
KHYBER PAKHTUNKHWA,HAZARA DIVISION,UPPER KOHISTAN DISTRICT,SEO SUB-DIVISION,59313,1186,1872,7315,1516,3587,3549,1293,45
KHYBER PAKHTUNKHWA,KOHAT DIVISION,HANGU DISTRICT,HANGU TEHSIL,304789,21048,8564,4184,1502,3656,9113,13613,5189
KHYBER PAKHTUNKHWA,KOHAT DIVISION,HANGU DISTRICT,TALL TEHSIL,265936,18121,5785,4310,825,1964,6573,13837,4013
KHYBER PAKHTUNKHWA,KOHAT DIVISION,KARAK DISTRICT,BANDA DAUD SHAH TEHSIL,192336,11978,5292,5247,1146,3562,7723,7372,2198
KHYBER PAKHTUNKHWA,KOHAT DIVISION,KARAK DISTRICT,KARAK TEHSIL,369054,26491,8201,5916,2521,7167,14133,12473,2958
KHYBER PAKHTUNKHWA,KOHAT DIVISION,KARAK DISTRICT,TAKHT-E-NASRATI TEHSIL,323706,20567,5629,8250,3057,5865,11033,9240,3975
KHYBER PAKHTUNKHWA,KOHAT DIVISION,KOHAT DISTRICT,DARRA ADAM KHEL SUB-DIVISION,151838,12531,4466,1390,1019,2169,4469,8094,2185
KHYBER PAKHTUNKHWA,KOHAT DIVISION,KOHAT DISTRICT,GUMBAT TEHSIL,135216,11711,5723,1610,644,1639,5376,7767,2463
KHYBER PAKHTUNKHWA,KOHAT DIVISION,KOHAT DISTRICT,KOHAT TEHSIL,887680,86701,14763,11698,5764,15971,35891,41704,10245
KHYBER PAKHTUNKHWA,KOHAT DIVISION,KOHAT DISTRICT,LACHI TEHSIL,165781,13096,5467,3483,993,3134,6478,8440,2278
KHYBER PAKHTUNKHWA,KOHAT DIVISION,KURRAM DISTRICT,CENTRAL KURRAM F.R TEHSIL,389447,3776,17746,20593,1802,3409,6059,13538,15299
KHYBER PAKHTUNKHWA,KOHAT DIVISION,KURRAM DISTRICT,LOWER KURRAM TEHSIL,163897,6142,4834,8601,1640,2407,4863,6766,3386
KHYBER PAKHTUNKHWA,KOHAT DIVISION,KURRAM DISTRICT,UPPER KURRAM TEHSIL,299486,12803,5482,16253,2137,4024,6823,12142,8573
KHYBER PAKHTUNKHWA,KOHAT DIVISION,ORAKZAI DISTRICT,CENTRAL TEHSIL,100784,238,2385,9420,252,483,1760,4638,4590
KHYBER PAKHTUNKHWA,KOHAT DIVISION,ORAKZAI DISTRICT,ISMAIL ZAI TEHSIL,42703,987,2565,2130,57,903,755,2152,1623
KHYBER PAKHTUNKHWA,KOHAT DIVISION,ORAKZAI DISTRICT,LOWER TEHSIL,136751,1277,2272,13632,2082,1466,3492,6712,2677
KHYBER PAKHTUNKHWA,KOHAT DIVISION,ORAKZAI DISTRICT,UPPER TEHSIL,140580,691,3773,14608,2433,5781,2104,3793,2477
KHYBER PAKHTUNKHWA,MALAKAND DIVISION,BAJAUR DISTRICT,BAR CHAMER KAND TEHSIL,3881,79,631,177,32,21,116,290,165
KHYBER PAKHTUNKHWA,MALAKAND DIVISION,BAJAUR DISTRICT,BARANG TEHSIL,97702,550,11570,2288,493,1717,3296,5284,2834
KHYBER PAKHTUNKHWA,MALAKAND DIVISION,BAJAUR DISTRICT,KHAR BAJAUR TEHSIL,325075,9692,8493,24532,3325,6339,10511,15940,4802
KHYBER PAKHTUNKHWA,MALAKAND DIVISION,BAJAUR DISTRICT,MAMUND TEHSIL,387780,5019,17929,27187,2278,5792,11621,16640,10929
KHYBER PAKHTUNKHWA,MALAKAND DIVISION,BAJAUR DISTRICT,NAWAGAI TEHSIL,101747,1431,5489,6401,255,879,3354,5247,3207
KHYBER PAKHTUNKHWA,MALAKAND DIVISION,BAJAUR DISTRICT,SALARZAI TEHSIL,342838,9956,18601,21668,4299,6568,13325,13838,6876
KHYBER PAKHTUNKHWA,MALAKAND DIVISION,BAJAUR DISTRICT,UTMAN KHEL TEHSIL,134192,3691,4324,8135,1465,2385,3945,5081,2410
KHYBER PAKHTUNKHWA,MALAKAND DIVISION,BUNER DISTRICT,CHAGHARZAI TEHSIL,136724,6224,3890,4644,2127,2670,3703,4483,1168
KHYBER PAKHTUNKHWA,MALAKAND DIVISION,BUNER DISTRICT,DAGGAR TEHSIL,209288,12912,3441,5208,2026,3814,7014,7074,1149
KHYBER PAKHTUNKHWA,MALAKAND DIVISION,BUNER DISTRICT,GADEZAI TEHSIL,214410,11401,3969,6253,2642,4376,6246,6396,1304
KHYBER PAKHTUNKHWA,MALAKAND DIVISION,BUNER DISTRICT,GAGRA TEHSIL,194304,12331,1671,5584,2719,4732,6521,4927,432
KHYBER PAKHTUNKHWA,MALAKAND DIVISION,BUNER DISTRICT,KHADO KHEL TEHSIL,148278,14154,1766,2419,1674,3745,6324,5276,512
KHYBER PAKHTUNKHWA,MALAKAND DIVISION,BUNER DISTRICT,MANDANR TEHSIL,200908,12190,4109,8103,2298,5131,9264,6606,711
KHYBER PAKHTUNKHWA,MALAKAND DIVISION,LOWER CHITRAL DISTRICT,CHITRAL SUB-DIVISION,227261,11718,12461,6910,3354,6482,8984,9179,1762
KHYBER PAKHTUNKHWA,MALAKAND DIVISION,LOWER CHITRAL DISTRICT,DROSH SUB-DIVISION,118280,1815,7915,6097,1583,3499,4535,4698,1065
KHYBER PAKHTUNKHWA,MALAKAND DIVISION,LOWER DIR DISTRICT,ADENZAI SUB-DIVISION,409966,30715,9700,8942,5084,12501,15874,12385,2077
KHYBER PAKHTUNKHWA,MALAKAND DIVISION,LOWER DIR DISTRICT,LAL QILA SUB-DIVISION,268517,20771,4424,4334,4035,7027,8802,7516,1166
KHYBER PAKHTUNKHWA,MALAKAND DIVISION,LOWER DIR DISTRICT,SAMARBAGH SUB-DIVISION,464322,28428,14863,11183,5398,11367,17016,15087,3599
KHYBER PAKHTUNKHWA,MALAKAND DIVISION,LOWER DIR DISTRICT,TEMERGARA SUB-DIVISION,647279,47347,17700,7877,8053,15132,22415,21345,3511
KHYBER PAKHTUNKHWA,MALAKAND DIVISION,MALAKAND PROTECTED AREA,SAM RANI ZAI SUB-DIVISION,383151,36570,6481,7117,7934,11389,15095,10519,2132
KHYBER PAKHTUNKHWA,MALAKAND DIVISION,MALAKAND PROTECTED AREA,SWAT RANI ZAI SUB-DIVISION,513050,43737,12769,9424,5165,11047,23102,20172,3585
KHYBER PAKHTUNKHWA,MALAKAND DIVISION,SHANGLA DISTRICT,ALPURI TEHSIL,398104,22773,14622,16563,6695,11065,16472,13780,2782
KHYBER PAKHTUNKHWA,MALAKAND DIVISION,SHANGLA DISTRICT,BISHAM TEHSIL,131656,12838,2573,4058,1921,3681,7911,3370,202
KHYBER PAKHTUNKHWA,MALAKAND DIVISION,SHANGLA DISTRICT,CHAKISAR TEHSIL,138976,8010,5765,4064,2225,3552,6761,3892,645
KHYBER PAKHTUNKHWA,MALAKAND DIVISION,SHANGLA DISTRICT,MARTUNG TEHSIL,112061,3747,2730,5785,673,2408,3759,3936,986
KHYBER PAKHTUNKHWA,MALAKAND DIVISION,SHANGLA DISTRICT,PURAN TEHSIL,186491,12610,6995,6279,2231,6407,10196,5413,706
KHYBER PAKHTUNKHWA,MALAKAND DIVISION,SWAT DISTRICT,BABUZAI TEHSIL,756161,85107,9859,10767,8621,20733,35146,32891,6127
KHYBER PAKHTUNKHWA,MALAKAND DIVISION,SWAT DISTRICT,BARIKOT TEHSIL,238707,22051,4784,4721,2937,6926,10076,9591,1382
KHYBER PAKHTUNKHWA,MALAKAND DIVISION,SWAT DISTRICT,BEHRAIN TEHSIL,293841,9876,14369,14015,3767,7154,12350,11641,2341
KHYBER PAKHTUNKHWA,MALAKAND DIVISION,SWAT DISTRICT,CHARBAGH TEHSIL,172936,13998,4546,3902,1815,5256,7725,5996,1138
KHYBER PAKHTUNKHWA,MALAKAND DIVISION,SWAT DISTRICT,KABAL TEHSIL,521939,54317,5262,10348,6962,14401,22968,21766,2367
KHYBER PAKHTUNKHWA,MALAKAND DIVISION,SWAT DISTRICT,KHAWAZAKHELA TEHSIL,333634,24060,6134,13239,4755,8852,13929,12023,2095
KHYBER PAKHTUNKHWA,MALAKAND DIVISION,SWAT DISTRICT,MATTA TEHSIL,599344,49714,11088,14279,5612,15705,25795,21407,3742
KHYBER PAKHTUNKHWA,MALAKAND DIVISION,UPPER CHITRAL DISTRICT,MASTUJ SUB-DIVISION,211907,1609,12620,12644,3554,5588,6943,6412,3360
KHYBER PAKHTUNKHWA,MALAKAND DIVISION,UPPER DIR DISTRICT,DIR SUB-DIVISION,416452,18992,15787,16798,4319,8809,15663,16196,5059
KHYBER PAKHTUNKHWA,MALAKAND DIVISION,UPPER DIR DISTRICT,LARJUM SUB-DIVISION,129641,5549,7166,4023,980,2655,4883,5786,1899
KHYBER PAKHTUNKHWA,MALAKAND DIVISION,UPPER DIR DISTRICT,SHARINGAL SUB-DIVISION,228406,4269,17550,9241,2753,5106,9439,9692,3399
KHYBER PAKHTUNKHWA,MALAKAND DIVISION,UPPER DIR DISTRICT,WARI SUB-DIVISION,400797,21269,18120,12756,4680,10748,16065,14792,4633
KHYBER PAKHTUNKHWA,MARDAN DIVISION,MARDAN DISTRICT,GHARI KAPOORA TEHSIL,346874,32625,11378,5676,4253,9435,18184,13786,2301
KHYBER PAKHTUNKHWA,MARDAN DIVISION,MARDAN DISTRICT,KATLANG TEHSIL,409930,40272,5965,4946,5092,9976,17339,15349,2528
KHYBER PAKHTUNKHWA,MARDAN DIVISION,MARDAN DISTRICT,MARDAN TEHSIL,1129199,120622,22057,12725,15752,30958,53955,40534,8105
KHYBER PAKHTUNKHWA,MARDAN DIVISION,MARDAN DISTRICT,RUSTAM TEHSIL,303493,28252,8755,4825,3187,8383,15561,11690,1331
KHYBER PAKHTUNKHWA,MARDAN DIVISION,MARDAN DISTRICT,TAKHT BHAI TEHSIL,786368,74348,17243,18886,12087,23525,38278,26647,4908
KHYBER PAKHTUNKHWA,MARDAN DIVISION,SWABI DISTRICT,LAHOR TEHSIL,384792,38788,11426,3971,3672,9388,16952,18770,3835
KHYBER PAKHTUNKHWA,MARDAN DIVISION,SWABI DISTRICT,RAZAR TEHSIL,738313,79617,14396,6438,9165,19765,33649,29684,4348
KHYBER PAKHTUNKHWA,MARDAN DIVISION,SWABI DISTRICT,SWABI TEHSIL,516141,55978,6658,5316,4455,10648,21478,25387,4804
KHYBER PAKHTUNKHWA,MARDAN DIVISION,SWABI DISTRICT,TOPI TEHSIL,413180,43088,8411,8629,4248,10013,18256,22126,4593
KHYBER PAKHTUNKHWA,PESHAWAR DIVISION,CHARSADDA DISTRICT,CHARSADDA TEHSIL,987475,84830,30525,15504,11779,25837,50332,34026,6410
KHYBER PAKHTUNKHWA,PESHAWAR DIVISION,CHARSADDA DISTRICT,SHABQADAR TEHSIL,477936,42490,12156,10341,4962,13004,23363,16860,3306
KHYBER PAKHTUNKHWA,PESHAWAR DIVISION,CHARSADDA DISTRICT,TANGI TEHSIL,527194,50672,11202,10398,7841,16906,26127,15572,3427
KHYBER PAKHTUNKHWA,PESHAWAR DIVISION,KHYBER DISTRICT,BARA TEHSIL,595114,19528,23006,35976,5305,9463,19760,29013,10430
KHYBER PAKHTUNKHWA,PESHAWAR DIVISION,KHYBER DISTRICT,JAMRUD TEHSIL,263857,9198,10301,18594,3232,4106,10241,14188,4395
KHYBER PAKHTUNKHWA,PESHAWAR DIVISION,KHYBER DISTRICT,LANDI KOTAL TEHSIL,339112,12317,17911,17907,1284,3805,14712,20857,6238
KHYBER PAKHTUNKHWA,PESHAWAR DIVISION,KHYBER DISTRICT,MULLA GORI TEHSIL,46234,916,1463,3958,308,759,1108,1476,1858
KHYBER PAKHTUNKHWA,PESHAWAR DIVISION,MOHMAND DISTRICT,AMBAR UTMAN KHEL TEHSIL,86273,418,2078,7597,387,875,3405,3929,1353
KHYBER PAKHTUNKHWA,PESHAWAR DIVISION,MOHMAND DISTRICT,HALIM ZAI TEHSIL,96799,2108,2872,5221,431,1128,2905,3871,1762
KHYBER PAKHTUNKHWA,PESHAWAR DIVISION,MOHMAND DISTRICT,PINDIALI TEHSIL,121879,1378,3187,8913,555,1036,2808,5130,3721
KHYBER PAKHTUNKHWA,PESHAWAR DIVISION,MOHMAND DISTRICT,PRANG GHAR TEHSIL,39139,1777,1196,1382,356,866,1381,1069,544
KHYBER PAKHTUNKHWA,PESHAWAR DIVISION,MOHMAND DISTRICT,SAFI TEHSIL,119026,1136,3196,6304,566,763,2344,3714,3022
KHYBER PAKHTUNKHWA,PESHAWAR DIVISION,MOHMAND DISTRICT,UPPER MOHMAND TEHSIL,69121,272,1007,6105,229,431,910,2771,2859
KHYBER PAKHTUNKHWA,PESHAWAR DIVISION,MOHMAND DISTRICT,YAKE GHUND TEHSIL,69228,2726,1971,3947,893,1283,2468,2682,711
KHYBER PAKHTUNKHWA,PESHAWAR DIVISION,NOWSHERA DISTRICT,JEHANGIRA TEHSIL,472309,43126,15111,9455,4711,11506,22860,22169,3779
KHYBER PAKHTUNKHWA,PESHAWAR DIVISION,NOWSHERA DISTRICT,NOWSHERA TEHSIL,859102,75127,30033,13285,10432,19978,39797,33158,9901
KHYBER PAKHTUNKHWA,PESHAWAR DIVISION,NOWSHERA DISTRICT,PABBI TEHSIL,553214,46539,23457,8851,5779,13545,30054,23970,2928
KHYBER PAKHTUNKHWA,PESHAWAR DIVISION,PESHAWAR DISTRICT,BADHBER TEHSIL,477591,25200,13305,23973,3033,6966,18875,22384,8236
KHYBER PAKHTUNKHWA,PESHAWAR DIVISION,PESHAWAR DISTRICT,CHAM KANI TEHSIL,677928,59924,21216,19137,11508,21659,35688,24376,2759
KHYBER PAKHTUNKHWA,PESHAWAR DIVISION,PESHAWAR DISTRICT,HASSAN KHEL SUB-DIVISION,78772,5308,2601,2000,728,1450,2964,3287,1212
KHYBER PAKHTUNKHWA,PESHAWAR DIVISION,PESHAWAR DISTRICT,MATHRA TEHSIL,537539,27889,17833,24281,7494,14362,23414,16573,4472
KHYBER PAKHTUNKHWA,PESHAWAR DIVISION,PESHAWAR DISTRICT,PESHAWAR TEHSIL,2287945,266438,22770,21448,22683,49066,109939,99890,18762
KHYBER PAKHTUNKHWA,PESHAWAR DIVISION,PESHAWAR DISTRICT,PISHTA KHARA TEHSIL,519662,38044,14102,20288,5184,12932,24894,19204,7593
KHYBER PAKHTUNKHWA,PESHAWAR DIVISION,PESHAWAR DISTRICT,SHAH ALAM TEHSIL,578570,46392,22442,9659,9213,18220,29621,16658,2406
PUNJAB,BAHAWALPUR DIVISION,BAHAWALNAGAR DISTRICT,BAHAWALNAGAR TEHSIL,1062446,108121,27546,21015,15474,40704,59788,32025,3551
PUNJAB,BAHAWALPUR DIVISION,BAHAWALNAGAR DISTRICT,CHISHTIAN TEHSIL,920412,99456,22385,14308,14984,36063,50558,27457,1951
PUNJAB,BAHAWALPUR DIVISION,BAHAWALNAGAR DISTRICT,FORT ABBAS TEHSIL,556578,54719,11087,11630,11042,22905,28440,11621,665
PUNJAB,BAHAWALPUR DIVISION,BAHAWALNAGAR DISTRICT,HAROONABAD TEHSIL,671188,66385,20956,10627,9813,24281,37151,21724,1755
PUNJAB,BAHAWALPUR DIVISION,BAHAWALNAGAR DISTRICT,MINCHINABAD TEHSIL,658242,59884,21413,18084,10940,25974,38320,18567,1864
PUNJAB,BAHAWALPUR DIVISION,BAHAWALPUR DISTRICT,AHMADPUR EAST TEHSIL,1426887,120366,68703,8971,19955,44141,78586,45325,4301
PUNJAB,BAHAWALPUR DIVISION,BAHAWALPUR DISTRICT,BAHAWALPUR CITY TEHSIL,887757,123596,7310,2853,11847,26199,46556,38970,6764
PUNJAB,BAHAWALPUR DIVISION,BAHAWALPUR DISTRICT,BAHAWALPUR SADDAR TEHSIL,721999,80994,20569,5461,11733,26406,42346,21714,1146
PUNJAB,BAHAWALPUR DIVISION,BAHAWALPUR DISTRICT,HASILPUR TEHSIL,552900,66203,11283,8219,9062,21551,33125,17341,1394
PUNJAB,BAHAWALPUR DIVISION,BAHAWALPUR DISTRICT,KHAIRPUR TAMEWALI TEHSIL,315128,35930,9744,3899,4926,11658,19266,10884,583
PUNJAB,BAHAWALPUR DIVISION,BAHAWALPUR DISTRICT,YAZMAN TEHSIL,749497,80345,17092,13395,15598,35063,38333,15709,1462
PUNJAB,BAHAWALPUR DIVISION,RAHIM YAR KHAN DISTRICT,KHANPUR TEHSIL,1275705,119699,36380,17045,17366,41181,66657,40132,3197
PUNJAB,BAHAWALPUR DIVISION,RAHIM YAR KHAN DISTRICT,LIAQUAT PUR TEHSIL,1347833,107895,53482,18652,16795,47512,76891,32495,1940
PUNJAB,BAHAWALPUR DIVISION,RAHIM YAR KHAN DISTRICT,RAHIM YAR KHAN TEHSIL,1939027,195277,49023,26066,27213,61876,103855,63816,6586
PUNJAB,BAHAWALPUR DIVISION,RAHIM YAR KHAN DISTRICT,SADIQABAD TEHSIL,1507418,140269,40399,33775,23175,54693,81621,44513,4409
PUNJAB,DERA GHAZI KHAN DIVISION,DERA GHAZI KHAN DISTRICT,DERA GHAZI KHAN TEHSIL,1568253,126021,22024,32539,23745,46638,66904,33693,3840
PUNJAB,DERA GHAZI KHAN DIVISION,DERA GHAZI KHAN DISTRICT,KOH-E-SULEMAN TEHSIL,271409,7120,9140,26470,8220,9992,12618,6972,1745
PUNJAB,DERA GHAZI KHAN DIVISION,DERA GHAZI KHAN DISTRICT,KOT CHHUTTA TEHSIL,987378,58259,17725,40474,17395,33554,43285,17452,1768
PUNJAB,DERA GHAZI KHAN DIVISION,DERA GHAZI KHAN DISTRICT,TAUNSA TEHSIL,869020,54621,26568,42437,19832,33244,43496,18359,2779
PUNJAB,DERA GHAZI KHAN DIVISION,LAYYAH DISTRICT,CHOUBARA TEHSIL,326400,35363,6270,3451,6206,15822,15566,5001,386
PUNJAB,DERA GHAZI KHAN DIVISION,LAYYAH DISTRICT,KAROR LAL ESAN TEHSIL,747291,86206,14522,11704,15546,29443,44327,16785,999
PUNJAB,DERA GHAZI KHAN DIVISION,LAYYAH DISTRICT,LAYYAH TEHSIL,1220797,149729,23329,18913,25799,51980,71146,29448,4323
PUNJAB,DERA GHAZI KHAN DIVISION,MUZAFFARGARH DISTRICT,ALIPUR TEHSIL,830025,59478,29799,22823,16611,28649,40813,19806,2225
PUNJAB,DERA GHAZI KHAN DIVISION,MUZAFFARGARH DISTRICT,CHOWK SARWAR SHAHEED TEHSIL,452052,51976,6941,8283,9433,22801,24490,7621,795
PUNJAB,DERA GHAZI KHAN DIVISION,MUZAFFARGARH DISTRICT,JATOI TEHSIL,940461,66758,43256,30027,19378,37315,53574,23008,1975
PUNJAB,DERA GHAZI KHAN DIVISION,MUZAFFARGARH DISTRICT,KOT ADDU TEHSIL,1169182,128085,27797,32332,20471,49476,84460,25653,2410
PUNJAB,DERA GHAZI KHAN DIVISION,MUZAFFARGARH DISTRICT,MUZAFFARGARH TEHSIL,2078441,189318,57483,64642,39146,83772,123131,48068,4799
PUNJAB,DERA GHAZI KHAN DIVISION,RAJANPUR DISTRICT,DE-EXCLUDED AREA RAJANPUR,45556,648,1412,4708,2115,1956,1212,718,108
PUNJAB,DERA GHAZI KHAN DIVISION,RAJANPUR DISTRICT,JAMPUR TEHSIL,1103936,64733,25887,64054,26715,40994,55336,20464,3733
PUNJAB,DERA GHAZI KHAN DIVISION,RAJANPUR DISTRICT,RAJANPUR TEHSIL,929565,67198,27870,38291,22592,33853,49508,18310,1629
PUNJAB,DERA GHAZI KHAN DIVISION,RAJANPUR DISTRICT,ROJHAN TEHSIL,457303,15715,11398,45900,24434,18629,12703,4634,577
PUNJAB,FAISALABAD DIVISION,CHINIOT DISTRICT,BHAWANA TEHSIL,467787,56138,7414,6857,9938,16536,25775,14908,1301
PUNJAB,FAISALABAD DIVISION,CHINIOT DISTRICT,CHINIOT TEHSIL,691525,86842,11815,6449,8765,23278,35907,28309,6388
PUNJAB,FAISALABAD DIVISION,CHINIOT DISTRICT,LALIAN TEHSIL,546551,58415,15882,9820,7723,17936,30299,23012,3172
PUNJAB,FAISALABAD DIVISION,FAISALABAD DISTRICT,CHAK JHUMRA TEHSIL,420368,43524,11811,2285,5039,12040,21996,15164,1458
PUNJAB,FAISALABAD DIVISION,FAISALABAD DISTRICT,FAISALABAD CITY TEHSIL,4018522,539964,17442,3852,43675,108633,213585,166869,19280
PUNJAB,FAISALABAD DIVISION,FAISALABAD DISTRICT,FAISALABAD SADAR TEHSIL,1902240,239403,25241,7005,29793,69975,104215,57469,4270
PUNJAB,FAISALABAD DIVISION,FAISALABAD DISTRICT,JARANWALA TEHSIL,1889351,218920,36508,11913,24368,62265,108136,61784,5144
PUNJAB,FAISALABAD DIVISION,FAISALABAD DISTRICT,SAMMUNDRI TEHSIL,796354,97422,11728,2761,11159,25852,44836,26596,1393
PUNJAB,FAISALABAD DIVISION,FAISALABAD DISTRICT,TANDLIAN WALA TEHSIL,866913,104879,14504,7643,11126,27148,50903,31936,2637
PUNJAB,FAISALABAD DIVISION,JHANG DISTRICT,18-HAZARI TEHSIL,362662,44437,7783,5013,6717,13671,20837,13341,1520
PUNJAB,FAISALABAD DIVISION,JHANG DISTRICT,AHMADPUR SIAL TEHSIL,532493,58346,12193,8399,8987,19584,30389,14603,2475
PUNJAB,FAISALABAD DIVISION,JHANG DISTRICT,JHANG TEHSIL,1790611,225139,25458,16915,26313,59572,98784,63911,11972
PUNJAB,FAISALABAD DIVISION,JHANG DISTRICT,SHORKOT TEHSIL,660030,72783,12524,9677,9711,20742,38728,21275,2200
PUNJAB,FAISALABAD DIVISION,TOBA TEK SINGH DISTRICT,GOJRA TEHSIL,824628,99739,12614,3802,11374,25070,46942,27926,1840
PUNJAB,FAISALABAD DIVISION,TOBA TEK SINGH DISTRICT,KAMALIA TEHSIL,461085,57578,7354,4059,6795,14630,25432,17140,2862
PUNJAB,FAISALABAD DIVISION,TOBA TEK SINGH DISTRICT,PIRMAHAL TEHSIL,542022,67325,5834,5278,7453,19782,32352,16042,1561
PUNJAB,FAISALABAD DIVISION,TOBA TEK SINGH DISTRICT,TOBA TEK SINGH TEHSIL,926971,115938,12918,6273,11667,30945,53713,33354,2203
PUNJAB,GUJRANWALA DIVISION,GUJRANWALA DISTRICT,GUJRANWALA CITY TEHSIL,2740342,347332,11530,4437,36369,72341,130585,96561,13419
PUNJAB,GUJRANWALA DIVISION,GUJRANWALA DISTRICT,GUJRANWALA SADDAR TEHSIL,1215986,147795,19477,4770,19406,42120,62325,37862,3653
PUNJAB,GUJRANWALA DIVISION,GUJRANWALA DISTRICT,KAMOKE TEHSIL,743557,74901,17779,2598,8676,21455,36663,24183,2217
PUNJAB,GUJRANWALA DIVISION,GUJRANWALA DISTRICT,NOWSHERA VIRKAN TEHSIL,698940,62345,23989,2475,9151,19625,31694,24001,1859
PUNJAB,GUJRANWALA DIVISION,GUJRANWALA DISTRICT,WAZIRABAD TEHSIL,1084196,116905,24015,3521,12447,27649,50470,43076,6679
PUNJAB,GUJRANWALA DIVISION,GUJRAT DISTRICT,GUJRAT TEHSIL,1903427,235495,29371,6276,25580,49590,91957,82904,10715
PUNJAB,GUJRANWALA DIVISION,GUJRAT DISTRICT,KHARIAN TEHSIL,1281378,156622,20946,3445,14407,28039,59336,68422,7298
PUNJAB,GUJRANWALA DIVISION,GUJRAT DISTRICT,SARAI ALAMGIR TEHSIL,325092,40630,3355,813,3572,6557,14921,16707,1717
PUNJAB,GUJRANWALA DIVISION,HAFIZABAD DISTRICT,HAFIZABAD TEHSIL,830436,88885,22674,3395,11561,26288,41642,26722,3149
PUNJAB,GUJRANWALA DIVISION,HAFIZABAD DISTRICT,PINDI BHATTIAN TEHSIL,609813,66644,15544,4618,8093,20679,33101,19591,1827
PUNJAB,GUJRANWALA DIVISION,MANDI BAHAUDDIN DISTRICT,MALAKWAL TEHSIL,468411,50910,15776,3124,5673,12660,25131,22328,2103
PUNJAB,GUJRANWALA DIVISION,MANDI BAHAUDDIN DISTRICT,MANDI BAHAUDDIN TEHSIL,834176,99838,16520,3504,11426,22843,41797,34971,4662
PUNJAB,GUJRANWALA DIVISION,MANDI BAHAUDDIN DISTRICT,PHALIA TEHSIL,693724,77456,21042,3001,10000,20261,36413,28674,1868
PUNJAB,GUJRANWALA DIVISION,NAROWAL DISTRICT,NAROWAL TEHSIL,742379,84277,15424,2780,12005,24782,36547,22403,2525
PUNJAB,GUJRANWALA DIVISION,NAROWAL DISTRICT,SHAKARGARH TEHSIL,839646,91345,15463,3970,14332,28609,38191,23342,2216
PUNJAB,GUJRANWALA DIVISION,NAROWAL DISTRICT,ZAFARWAL TEHSIL,547017,60381,10649,3037,9428,21439,25251,13667,1010
PUNJAB,GUJRANWALA DIVISION,SIALKOT DISTRICT,DASKA TEHSIL,1070098,124851,18154,3859,15598,32140,54276,34898,3556
PUNJAB,GUJRANWALA DIVISION,SIALKOT DISTRICT,PASRUR TEHSIL,1058691,113093,22256,6295,17582,37832,50475,28426,2710
PUNJAB,GUJRANWALA DIVISION,SIALKOT DISTRICT,SAMBRIAL TEHSIL,502343,64245,7030,1855,9028,18746,24707,15298,2451
PUNJAB,GUJRANWALA DIVISION,SIALKOT DISTRICT,SIALKOT TEHSIL,2250049,308280,10295,3749,35201,67582,109946,84746,13482
PUNJAB,LAHORE DIVISION,KASUR DISTRICT,CHUNIAN TEHSIL,1066315,133421,20649,7830,18321,40111,61355,33189,2920
PUNJAB,LAHORE DIVISION,KASUR DISTRICT,KASUR TEHSIL,1750210,214831,34625,8834,26333,64609,95337,56508,5816
PUNJAB,LAHORE DIVISION,KASUR DISTRICT,KOT RADHA KISHAN TEHSIL,463703,52627,7405,2308,6962,17082,25127,10035,563
PUNJAB,LAHORE DIVISION,KASUR DISTRICT,PATTOKI TEHSIL,1174339,145460,22581,6707,17299,43838,68861,36163,2911
PUNJAB,LAHORE DIVISION,LAHORE DISTRICT,LAHORE CANTT TEHSIL,2030444,289613,7389,6019,28428,53894,102833,87996,16878
PUNJAB,LAHORE DIVISION,LAHORE DISTRICT,LAHORE CITY TEHSIL,4500171,611677,14528,12652,41667,80037,218352,226910,51372
PUNJAB,LAHORE DIVISION,LAHORE DISTRICT,MODEL TOWN TEHSIL,3541445,480146,14570,10506,53812,101488,163261,136579,24327
PUNJAB,LAHORE DIVISION,LAHORE DISTRICT,RAIWIND TEHSIL,1179392,159517,10442,5270,34408,54089,55737,19698,2197
PUNJAB,LAHORE DIVISION,LAHORE DISTRICT,SHALIMAR TEHSIL,2913277,415800,9790,4590,35111,78101,142569,124018,34182
PUNJAB,LAHORE DIVISION,NANKANA SAHIB DISTRICT,NANKANA SAHIB TEHSIL,1162395,118536,30651,13654,15641,37529,61993,39135,3700
PUNJAB,LAHORE DIVISION,NANKANA SAHIB DISTRICT,SANGLA HILL TEHSIL,294667,30968,9359,1318,4830,8735,14535,11616,1002
PUNJAB,LAHORE DIVISION,NANKANA SAHIB DISTRICT,SHAH KOT TEHSIL,327214,37515,7285,1646,4793,10393,17701,10310,1069
PUNJAB,LAHORE DIVISION,SHEIKHUPURA DISTRICT,FEROZEWALA TEHSIL,1088380,134409,10055,3239,18321,42683,52871,25054,2266
PUNJAB,LAHORE DIVISION,SHEIKHUPURA DISTRICT,MURIDKE TEHSIL,787070,83480,17388,2031,8722,21796,39365,28954,2331
PUNJAB,LAHORE DIVISION,SHEIKHUPURA DISTRICT,SAFDARABAD TEHSIL,350156,36619,8204,1467,4417,9607,17397,11827,1506
PUNJAB,LAHORE DIVISION,SHEIKHUPURA DISTRICT,SHARAK PUR TEHSIL,250246,30474,4644,1164,3082,8073,14056,8295,1509
PUNJAB,LAHORE DIVISION,SHEIKHUPURA DISTRICT,SHEIKHUPURA TEHSIL,1943580,233577,30633,6756,24709,57734,98184,70873,8750
PUNJAB,MULTAN DIVISION,KHANEWAL DISTRICT,JAHANIAN TEHSIL,419919,50857,6671,4531,5731,15505,23807,14156,1048
PUNJAB,MULTAN DIVISION,KHANEWAL DISTRICT,KABIRWALA TEHSIL,1221200,114987,29308,25211,14933,40442,67105,37376,5459
PUNJAB,MULTAN DIVISION,KHANEWAL DISTRICT,KHANEWAL TEHSIL,1077643,130058,14260,10112,13302,32854,60067,39131,4420
PUNJAB,MULTAN DIVISION,KHANEWAL DISTRICT,MIAN CHANNU TEHSIL,952211,128369,11258,7374,14632,31842,56723,38184,2680
PUNJAB,MULTAN DIVISION,LODHRAN DISTRICT,DUNYAPUR TEHSIL,623539,70849,12866,8861,9192,23688,35922,20280,959
PUNJAB,MULTAN DIVISION,LODHRAN DISTRICT,KAHROR PACCA TEHSIL,595960,79510,18391,8593,9531,22336,42399,26464,1825
PUNJAB,MULTAN DIVISION,LODHRAN DISTRICT,LODHRAN TEHSIL,882900,98638,21462,9548,13321,30063,53725,27278,2034
PUNJAB,MULTAN DIVISION,MULTAN DISTRICT,JALALPUR PIRWALA TEHSIL,663753,61464,28708,16205,11450,27319,43176,19740,1704
PUNJAB,MULTAN DIVISION,MULTAN DISTRICT,MULTAN CITY TEHSIL,2781755,379992,32637,10682,41534,81734,139977,125830,21197
PUNJAB,MULTAN DIVISION,MULTAN DISTRICT,MULTAN SADDAR TEHSIL,1638665,182723,40269,30925,25009,62051,101215,53703,4251
PUNJAB,MULTAN DIVISION,MULTAN DISTRICT,SHUJABAD TEHSIL,744660,69025,23914,24188,11443,28119,46898,23624,2080
PUNJAB,MULTAN DIVISION,VEHARI DISTRICT,BUREWALA TEHSIL,1313968,168763,15617,8258,21044,49616,73604,40366,3432
PUNJAB,MULTAN DIVISION,VEHARI DISTRICT,MAILSI TEHSIL,1220904,144781,25375,12085,17126,37942,72147,43580,2958
PUNJAB,MULTAN DIVISION,VEHARI DISTRICT,VEHARI TEHSIL,1206608,151897,17773,8249,19254,43340,70104,36174,2587
PUNJAB,RAWALPINDI DIVISION,ATTOCK DISTRICT,ATTOCK TEHSIL,522876,75514,5002,1577,5874,14802,23915,29893,5498
PUNJAB,RAWALPINDI DIVISION,ATTOCK DISTRICT,FATEH JANG TEHSIL,408971,52325,6704,2350,4564,10834,22572,18500,2414
PUNJAB,RAWALPINDI DIVISION,ATTOCK DISTRICT,HASAN ABDAL TEHSIL,276595,35580,2912,2005,4315,6520,13435,13124,1779
PUNJAB,RAWALPINDI DIVISION,ATTOCK DISTRICT,HAZRO TEHSIL,421869,52165,8524,1916,2901,7228,20346,26696,4483
PUNJAB,RAWALPINDI DIVISION,ATTOCK DISTRICT,JAND TEHSIL,360515,46050,7362,4494,3098,7062,18044,22306,6505
PUNJAB,RAWALPINDI DIVISION,ATTOCK DISTRICT,PINDI GHEB TEHSIL,337105,41308,9115,3494,3694,8329,18396,19002,3425
PUNJAB,RAWALPINDI DIVISION,CHAKWAL DISTRICT,CHAKWAL TEHSIL,838863,112617,12845,3067,10042,19506,39596,49737,6392
PUNJAB,RAWALPINDI DIVISION,CHAKWAL DISTRICT,CHOA SAIDAN SHAH TEHSIL,182848,24057,2175,674,1354,2886,7913,11143,3151
PUNJAB,RAWALPINDI DIVISION,CHAKWAL DISTRICT,KALLAR KAHAR TEHSIL,210947,30985,2444,728,2589,4188,10582,13877,2406
PUNJAB,RAWALPINDI DIVISION,CHAKWAL DISTRICT,LAWA TEHSIL,157826,17701,3011,1681,1130,3490,7697,8623,1069
PUNJAB,RAWALPINDI DIVISION,CHAKWAL DISTRICT,TALA GANG TEHSIL,499456,71408,5767,2780,5935,12842,26567,30138,2886
PUNJAB,RAWALPINDI DIVISION,JHELUM DISTRICT,DINA TEHSIL,294595,42402,2021,502,3340,5837,14352,16652,3664
PUNJAB,RAWALPINDI DIVISION,JHELUM DISTRICT,JHELUM TEHSIL,544637,76746,5425,1755,6358,11621,27334,31159,5694
PUNJAB,RAWALPINDI DIVISION,JHELUM DISTRICT,PIND DADAN KHAN TEHSIL,405964,34464,25347,4466,4420,7281,21431,25531,4259
PUNJAB,RAWALPINDI DIVISION,JHELUM DISTRICT,SOHAWA TEHSIL,245962,35907,2471,334,2110,4399,10654,17027,3167
PUNJAB,RAWALPINDI DIVISION,RAWALPINDI DISTRICT,GUJAR KHAN TEHSIL,853003,121483,8898,2137,7562,14436,38677,57568,10456
PUNJAB,RAWALPINDI DIVISION,RAWALPINDI DISTRICT,KAHUTA TEHSIL,259579,41745,1862,647,2491,5864,13366,17711,3611
PUNJAB,RAWALPINDI DIVISION,RAWALPINDI DISTRICT,KALLAR SAYADDAN TEHSIL,264889,39792,1891,377,2866,6013,13063,16305,2934
PUNJAB,RAWALPINDI DIVISION,RAWALPINDI DISTRICT,KOTLI SATTIAN TEHSIL,131426,15352,3218,2615,880,2901,6476,8770,1602
PUNJAB,RAWALPINDI DIVISION,RAWALPINDI DISTRICT,MURREE TEHSIL,272203,40112,3719,1899,2046,6019,13827,17491,5447
PUNJAB,RAWALPINDI DIVISION,RAWALPINDI DISTRICT,RAWALPINDI TEHSIL,4026969,579744,14525,6377,43687,79071,175501,232871,47721
PUNJAB,RAWALPINDI DIVISION,RAWALPINDI DISTRICT,TAXILA TEHSIL,804138,124567,2815,1073,13047,19700,37546,38312,15318
PUNJAB,SAHIWAL DIVISION,OKARA DISTRICT,DEPALPUR TEHSIL,1737706,203893,31639,22829,26175,67210,102401,51179,3632
PUNJAB,SAHIWAL DIVISION,OKARA DISTRICT,OKARA TEHSIL,1508298,185880,22938,10447,23528,50170,83076,50415,5696
PUNJAB,SAHIWAL DIVISION,OKARA DISTRICT,RENALA KHURD TEHSIL,577614,68156,8869,3215,7367,19745,32246,17779,964
PUNJAB,SAHIWAL DIVISION,PAKPATTAN DISTRICT,ARIF WALA TEHSIL,1090598,132440,18985,12079,15491,39591,64284,36122,2781
PUNJAB,SAHIWAL DIVISION,PAKPATTAN DISTRICT,PAKPATTAN TEHSIL,1240069,143714,24949,18017,21065,47924,70388,37163,4100
PUNJAB,SAHIWAL DIVISION,SAHIWAL DISTRICT,CHICHAWATNI TEHSIL,1261618,155060,14560,9236,16755,41924,71482,40022,3501
PUNJAB,SAHIWAL DIVISION,SAHIWAL DISTRICT,SAHIWAL TEHSIL,1879524,242355,20488,11097,23573,58578,107501,69721,7359
PUNJAB,SARGODHA DIVISION,BHAKKAR DISTRICT,BHAKKAR TEHSIL,883640,88968,21881,15806,13331,30261,49055,25559,3410
PUNJAB,SARGODHA DIVISION,BHAKKAR DISTRICT,DARYA KHAN TEHSIL,459728,52174,10741,8498,6601,16115,27272,17454,2112
PUNJAB,SARGODHA DIVISION,BHAKKAR DISTRICT,KALUR KOT TEHSIL,453521,49314,9874,7059,5135,13854,24731,18633,2787
PUNJAB,SARGODHA DIVISION,BHAKKAR DISTRICT,MANKERA TEHSIL,338922,37412,8087,8223,7278,15639,19544,9026,791
PUNJAB,SARGODHA DIVISION,KHUSHAB DISTRICT,KHUSHAB TEHSIL,891285,93565,31687,8290,10327,23039,49165,43132,5571
PUNJAB,SARGODHA DIVISION,KHUSHAB DISTRICT,NOOR PUR TEHSIL,288710,42762,5657,3034,4031,9814,20749,14487,1684
PUNJAB,SARGODHA DIVISION,KHUSHAB DISTRICT,NOWSHERA TEHSIL,158029,18543,2660,1335,1365,2989,7801,8446,1421
PUNJAB,SARGODHA DIVISION,KHUSHAB DISTRICT,QUAIDABAD TEHSIL,299966,22306,16646,4131,2966,7857,16460,12644,2045
PUNJAB,SARGODHA DIVISION,MIANWALI DISTRICT,ISAKHEL TEHSIL,451933,43716,12914,10613,5036,12315,23295,20072,4582
PUNJAB,SARGODHA DIVISION,MIANWALI DISTRICT,MIANWALI TEHSIL,989621,116214,27412,12144,9797,28950,58952,46164,8755
PUNJAB,SARGODHA DIVISION,MIANWALI DISTRICT,PIPLAN TEHSIL,518463,56611,13418,7351,7797,15154,27746,19917,3754
PUNJAB,SARGODHA DIVISION,SARGODHA DISTRICT,BHALWAL TEHSIL,422578,39284,25730,3410,4715,11022,23460,25006,2682
PUNJAB,SARGODHA DIVISION,SARGODHA DISTRICT,BHERA TEHSIL,419523,40197,20782,5013,5067,11560,22235,20460,4506
PUNJAB,SARGODHA DIVISION,SARGODHA DISTRICT,KOT MOMIN TEHSIL,593894,49712,24577,6977,6547,15007,29732,23162,3199
PUNJAB,SARGODHA DIVISION,SARGODHA DISTRICT,SAHIWAL TEHSIL,444724,47995,10939,4972,7465,13582,23053,15769,1806
PUNJAB,SARGODHA DIVISION,SARGODHA DISTRICT,SARGODHA TEHSIL,1957292,212465,54915,17217,24928,58009,105374,78587,9464
PUNJAB,SARGODHA DIVISION,SARGODHA DISTRICT,SHAHPUR TEHSIL,463561,38882,25595,6561,4871,13280,25365,22765,3049
PUNJAB,SARGODHA DIVISION,SARGODHA DISTRICT,SILLANWALI TEHSIL,421142,43265,11794,5137,5927,14030,23074,13344,1125
SINDH,HYDERABAD DIVISION,BADIN DISTRICT,BADIN TALUKA,534113,22024,7862,73638,22074,36511,29114,8237,1496
SINDH,HYDERABAD DIVISION,BADIN DISTRICT,GOLARCHI (S.F.RAHU) TALUKA,409669,15098,3480,56210,25442,24032,15927,3747,1096
SINDH,HYDERABAD DIVISION,BADIN DISTRICT,MATLI TALUKA,514854,32267,14067,54620,20070,27358,27731,12531,1884
SINDH,HYDERABAD DIVISION,BADIN DISTRICT,TALHAR TALUKA,201314,8758,3677,28765,11945,12447,8724,3410,826
SINDH,HYDERABAD DIVISION,BADIN DISTRICT,TANDO BAGO TALUKA,466150,18550,8586,69204,28983,29592,19907,5342,553
SINDH,HYDERABAD DIVISION,DADU DISTRICT,DADU TALUKA,555845,47668,16545,37817,16343,25153,30740,14662,3465
SINDH,HYDERABAD DIVISION,DADU DISTRICT,JOHI TALUKA,364124,12165,13833,45069,16078,16962,17772,5520,3640
SINDH,HYDERABAD DIVISION,DADU DISTRICT,KHAIRPUR NATHAN SHAH TALUKA,415252,29170,20678,42356,18897,13444,19063,8366,1714
SINDH,HYDERABAD DIVISION,DADU DISTRICT,MEHAR TALUKA,568907,36420,24797,55477,20295,22269,25300,15637,3629
SINDH,HYDERABAD DIVISION,HYDERABAD DISTRICT,HYDERABAD CITY TALUKA,850402,133226,4814,3063,5960,11554,33943,64760,19823
SINDH,HYDERABAD DIVISION,HYDERABAD DISTRICT,HYDERABAD TALUKA,558750,51685,14727,31470,18210,19792,28574,19152,3875
SINDH,HYDERABAD DIVISION,HYDERABAD DISTRICT,LATIFABAD TALUKA,875376,141921,7867,6464,9350,20350,44148,66808,9789
SINDH,HYDERABAD DIVISION,HYDERABAD DISTRICT,QASIMABAD TALUKA,373939,53914,4931,5911,6869,14387,22209,14460,2380
SINDH,HYDERABAD DIVISION,JAMSHORO DISTRICT,KOTRI TALUKA,515841,70072,9061,10564,12092,18438,26830,20182,5588
SINDH,HYDERABAD DIVISION,JAMSHORO DISTRICT,MANJHAND TALUKA,176821,11198,4770,19257,6593,7274,9277,4472,586
SINDH,HYDERABAD DIVISION,JAMSHORO DISTRICT,SEHWAN TALUKA,351818,27400,17185,25988,13852,12209,16922,8493,2409
SINDH,HYDERABAD DIVISION,JAMSHORO DISTRICT,THANO BULA KHAN TALUKA,176500,19599,3742,12263,6428,8558,10175,5381,131
SINDH,HYDERABAD DIVISION,MATIARI DISTRICT,HALA TALUKA,312732,28418,9549,18004,7191,12154,17876,10719,1788
SINDH,HYDERABAD DIVISION,MATIARI DISTRICT,MATIARI TALUKA,413047,33771,8658,30886,11746,19743,22931,11265,1958
SINDH,HYDERABAD DIVISION,MATIARI DISTRICT,SAEEDABAD TALUKA,202457,17104,5786,13779,6473,8486,11118,6854,671
SINDH,HYDERABAD DIVISION,SUJAWAL DISTRICT,JATI TALUKA,234652,3886,1835,39762,10777,14260,11328,4102,696
SINDH,HYDERABAD DIVISION,SUJAWAL DISTRICT,KHARO CHAN TALUKA,12462,34,33,2159,1079,342,344,322,19
SINDH,HYDERABAD DIVISION,SUJAWAL DISTRICT,MIRPUR BATHORO TALUKA,253258,11427,3059,29249,9461,12312,11565,4478,743
SINDH,HYDERABAD DIVISION,SUJAWAL DISTRICT,SHAH BUNDER TALUKA,184599,3451,1496,29027,9106,9678,7004,3375,2028
SINDH,HYDERABAD DIVISION,SUJAWAL DISTRICT,SUJAWAL TALUKA,232272,10534,3334,28184,5936,12147,13124,5086,928
SINDH,HYDERABAD DIVISION,TANDO ALLAHYAR DISTRICT,CHAMBER TALUKA,255104,14277,7547,30668,12862,12220,9711,5198,1673
SINDH,HYDERABAD DIVISION,TANDO ALLAHYAR DISTRICT,JHANDO MARI TALUKA,291432,17859,7418,27588,12598,14313,13936,6128,898
SINDH,HYDERABAD DIVISION,TANDO ALLAHYAR DISTRICT,TANDO ALLAHYAR TALUKA,461110,44427,11449,29738,15392,18146,23594,13352,3951
SINDH,HYDERABAD DIVISION,TANDO MUHAMMAD KHAN DISTRICT,BULRI SHAH KARIM TALUKA,269970,11425,5043,34662,11807,14983,12367,5389,1793
SINDH,HYDERABAD DIVISION,TANDO MUHAMMAD KHAN DISTRICT,TANDO GHULAM HYDER TALUKA,225859,8649,4134,28825,11711,14630,9665,2868,134
SINDH,HYDERABAD DIVISION,TANDO MUHAMMAD KHAN DISTRICT,TANDO MUHAMMAD KHAN TALUKA,297515,24512,7342,25662,8466,13463,16683,10971,2414
SINDH,HYDERABAD DIVISION,THATTA DISTRICT,GHORABARI TALUKA,217395,6359,1983,32581,9834,14006,10617,3245,593
SINDH,HYDERABAD DIVISION,THATTA DISTRICT,KETI BUNDER TALUKA,69088,1191,873,11495,2859,3719,3382,1731,725
SINDH,HYDERABAD DIVISION,THATTA DISTRICT,MIRPUR SAKRO TALUKA,411007,26864,4061,41317,18207,20038,16984,8833,2609
SINDH,HYDERABAD DIVISION,THATTA DISTRICT,THATTA TALUKA,486304,41390,8562,37950,20452,20129,24095,12047,3676
SINDH,KARACHI DIVISION,KARACHI CENTRAL DISTRICT,GULBERG SUB-DIVISION,670725,104570,1919,1268,3993,8057,26773,49922,16856
SINDH,KARACHI DIVISION,KARACHI CENTRAL DISTRICT,LIAQUATABAD SUB-DIVISION,598575,96406,1214,686,5501,11977,23831,43331,12175
SINDH,KARACHI DIVISION,KARACHI CENTRAL DISTRICT,NAZIMABAD SUB-DIVISION,625934,94023,2684,460,5446,10324,26105,38568,14941
SINDH,KARACHI DIVISION,KARACHI CENTRAL DISTRICT,NEW KARACHI SUB-DIVISION,1274012,186816,11226,1110,8580,23130,70360,83297,8458
SINDH,KARACHI DIVISION,KARACHI CENTRAL DISTRICT,NORTH NAZIMABAD SUB-DIVISION,1005967,149787,4086,1841,7396,12068,35513,86155,11687
SINDH,KARACHI DIVISION,KARACHI EAST DISTRICT,FEROZABAD SUB-DIVISION,1274069,175088,6067,2019,9499,21885,60314,69061,17484
SINDH,KARACHI DIVISION,KARACHI EAST DISTRICT,GULSHAN-E-IQBAL SUB-DIVISION,1063712,172885,5962,4878,10445,21125,51970,82657,8792
SINDH,KARACHI DIVISION,KARACHI EAST DISTRICT,GULZAR-E-HIJRI SUB-DIVISION,1222420,173168,20275,9632,32571,51785,65424,33026,1501
SINDH,KARACHI DIVISION,KARACHI EAST DISTRICT,JAMSHED QUARTERS SUB-DIVISION,716943,104082,1592,919,4076,11790,30333,45554,12920
SINDH,KARACHI DIVISION,KARACHI SOUTH DISTRICT,ARAM BAGH SUB-DIVISION,259257,43709,1389,225,1010,1037,4038,22676,15138
SINDH,KARACHI DIVISION,KARACHI SOUTH DISTRICT,CIVIL LINES SUB-DIVISION,525105,93233,1218,1648,6096,13621,32654,34753,7424
SINDH,KARACHI DIVISION,KARACHI SOUTH DISTRICT,GARDEN SUB-DIVISION,549519,88625,1756,829,3928,4390,14789,44870,20250
SINDH,KARACHI DIVISION,KARACHI SOUTH DISTRICT,LYARI SUB-DIVISION,1038100,163565,5374,980,9592,16895,45979,74208,17294
SINDH,KARACHI DIVISION,KARACHI SOUTH DISTRICT,SADDAR SUB-DIVISION,174164,27855,787,152,1244,1423,5598,14422,5516
SINDH,KARACHI DIVISION,KARACHI WEST DISTRICT,MANGHOPIR SUB-DIVISION,1182223,170477,26981,7086,41180,56744,59752,26814,1711
SINDH,KARACHI DIVISION,KARACHI WEST DISTRICT,MOMINABAD SUB-DIVISION,1093651,165952,9740,798,15441,31275,66869,53407,5030
SINDH,KARACHI DIVISION,KARACHI WEST DISTRICT,ORANGI SUB-DIVISION,652359,89724,6162,406,7359,12021,32665,35936,5983
SINDH,KARACHI DIVISION,KEAMARI DISTRICT,BALDIA SUB-DIVISION,1036483,137161,12637,898,17818,31361,55329,36476,4552
SINDH,KARACHI DIVISION,KEAMARI DISTRICT,KEAMARI SUB-DIVISION,493048,64589,4138,886,3864,9610,25728,24284,4044
SINDH,KARACHI DIVISION,KEAMARI DISTRICT,MAURIPUR SUB-DIVISION,238171,33676,2796,1729,3791,7541,13947,9960,1299
SINDH,KARACHI DIVISION,KEAMARI DISTRICT,SITE SUB-DIVISION,490809,62269,2519,743,3646,4969,19898,32101,3985
SINDH,KARACHI DIVISION,KORANGI DISTRICT,KORANGI SUB-DIVISION,1489589,199376,7579,3247,17910,34620,76043,68074,7324
SINDH,KARACHI DIVISION,KORANGI DISTRICT,LANDHI SUB-DIVISION,744569,113522,3277,1189,7338,12453,37325,45401,11296
SINDH,KARACHI DIVISION,KORANGI DISTRICT,MODEL COLONY SUB-DIVISION,482823,74462,1910,667,3641,6764,21293,37634,6396
SINDH,KARACHI DIVISION,KORANGI DISTRICT,SHAH FAISAL SUB-DIVISION,701511,91561,1915,1115,4247,8205,22128,48549,9643
SINDH,KARACHI DIVISION,MALIR DISTRICT,AIRPORT SUB-DIVISION,272721,41827,1181,532,5946,9679,14416,10140,1680
SINDH,KARACHI DIVISION,MALIR DISTRICT,BIN QASIM SUB-DIVISION,352906,54133,2885,4184,11311,12299,14881,16275,1425
SINDH,KARACHI DIVISION,MALIR DISTRICT,GADAP SUB-DIVISION,109506,17687,896,3790,4794,7088,5844,3668,495
SINDH,KARACHI DIVISION,MALIR DISTRICT,IBRAHIM HYDRI SUB-DIVISION,1458043,201157,14400,4653,31237,51792,70431,48295,6612
SINDH,KARACHI DIVISION,MALIR DISTRICT,MURAD MEMON SUB-DIVISION,411968,69298,4597,2699,8002,14111,23085,23419,5582
SINDH,KARACHI DIVISION,MALIR DISTRICT,SHAH MUREED SUB-DIVISION,39329,6100,722,1501,1133,2103,3149,1335,387
SINDH,LARKANA DIVISION,JACOBABAD DISTRICT,GARHI KHAIRO TALUKA,211250,6468,7311,23689,10443,6908,4578,1697,226
SINDH,LARKANA DIVISION,JACOBABAD DISTRICT,JACOBABAD TALUKA,489223,31050,12397,27746,14811,15783,23984,10403,1549
SINDH,LARKANA DIVISION,JACOBABAD DISTRICT,THUL TALUKA,582671,26358,17131,60834,20712,24188,31321,8662,1865
SINDH,LARKANA DIVISION,KAMBAR SHAHDAD KOT DISTRICT,KAMBAR ALI KHAN TALUKA,490691,31398,18763,36362,11995,17478,25630,11482,2598
SINDH,LARKANA DIVISION,KAMBAR SHAHDAD KOT DISTRICT,MIRO KHAN TALUKA,199407,9665,6761,16305,7162,7857,7948,2614,366
SINDH,LARKANA DIVISION,KAMBAR SHAHDAD KOT DISTRICT,NASIRABAD TALUKA,190934,11462,8260,14512,5296,7686,8575,3255,494
SINDH,LARKANA DIVISION,KAMBAR SHAHDAD KOT DISTRICT,QUBO SAEED KHAN TALUKA,108531,4082,4452,14853,7114,3029,2850,751,151
SINDH,LARKANA DIVISION,KAMBAR SHAHDAD KOT DISTRICT,SHAHDAD KOT TALUKA,245991,19379,8077,16325,6719,8606,12480,7428,1564
SINDH,LARKANA DIVISION,KAMBAR SHAHDAD KOT DISTRICT,SUJAWAL JUNEJO TALUKA,142768,6226,4966,14600,4948,5168,6351,3079,754
SINDH,LARKANA DIVISION,KAMBAR SHAHDAD KOT DISTRICT,WARAH TALUKA,277242,16475,10932,29622,12226,9632,12554,5096,694
SINDH,LARKANA DIVISION,KASHMORE DISTRICT,KANDHKOT TALUKA,445448,23824,11549,38076,18223,17950,17356,8569,2817
SINDH,LARKANA DIVISION,KASHMORE DISTRICT,KASHMORE TALUKA,532888,24507,12105,53581,23561,22081,17872,7914,2294
SINDH,LARKANA DIVISION,KASHMORE DISTRICT,TANGWANI TALUKA,370227,15689,10443,42290,19741,14453,8426,3334,1135
SINDH,LARKANA DIVISION,LARKANA DISTRICT,BAKRANI TALUKA,300834,17189,8954,26255,8161,12559,15571,7482,1105
SINDH,LARKANA DIVISION,LARKANA DISTRICT,DOKRI TALUKA,281300,16474,10997,23812,8461,9186,13722,6792,722
SINDH,LARKANA DIVISION,LARKANA DISTRICT,LARKANA TALUKA,955030,102001,27069,37019,24188,39780,52710,26665,5118
SINDH,LARKANA DIVISION,LARKANA DISTRICT,RATODERO TALUKA,413023,26984,14341,34653,9901,15922,23252,13951,2061
SINDH,LARKANA DIVISION,SHIKARPUR DISTRICT,GARHI YASIN TALUKA,364244,16183,11138,38240,12188,14033,15519,9440,1797
SINDH,LARKANA DIVISION,SHIKARPUR DISTRICT,KHANPUR TALUKA,361982,9039,9159,27237,9379,13481,12811,4371,1713
SINDH,LARKANA DIVISION,SHIKARPUR DISTRICT,LAKHI TALUKA,328399,13009,9201,23606,6087,8112,14162,10597,1975
SINDH,LARKANA DIVISION,SHIKARPUR DISTRICT,SHIKARPUR TALUKA,460464,31995,11910,28417,13339,13856,20873,12169,4614
SINDH,MIRPUR KHAS DIVISION,MIRPUR KHAS DISTRICT,DIGRI TALUKA,256365,16726,8580,22845,11813,11148,10157,4608,1138
SINDH,MIRPUR KHAS DIVISION,MIRPUR KHAS DISTRICT,HUSSAIN BUX MARI TALUKA,188131,8839,6213,19014,8836,10782,7430,3500,707
SINDH,MIRPUR KHAS DIVISION,MIRPUR KHAS DISTRICT,JHUDO TALUKA,251673,14248,4271,25834,13747,10598,9531,4452,953
SINDH,MIRPUR KHAS DIVISION,MIRPUR KHAS DISTRICT,KOT GHULAM MUHAMMAD TALUKA,338684,12668,9853,41298,24177,14738,8810,4825,1058
SINDH,MIRPUR KHAS DIVISION,MIRPUR KHAS DISTRICT,MIRPUR KHAS TALUKA,314352,43347,4878,1894,2955,6705,14435,20400,4493
SINDH,MIRPUR KHAS DIVISION,MIRPUR KHAS DISTRICT,SHUJAABAD TALUKA,202897,9827,8645,20127,10365,9068,9358,3584,376
SINDH,MIRPUR KHAS DIVISION,MIRPUR KHAS DISTRICT,SINDHRI TALUKA,285003,11093,7634,39454,18160,13094,8435,3457,795
SINDH,MIRPUR KHAS DIVISION,THARPARKAR DISTRICT,CHACHRO TALUKA,406298,8644,3472,53990,12033,16591,17385,9997,4633
SINDH,MIRPUR KHAS DIVISION,THARPARKAR DISTRICT,DAHLI TALUKA,356315,6835,4184,45768,13237,15104,10749,6317,3285
SINDH,MIRPUR KHAS DIVISION,THARPARKAR DISTRICT,DIPLO TALUKA,178104,12922,3614,16789,5274,11457,9783,3859,741
SINDH,MIRPUR KHAS DIVISION,THARPARKAR DISTRICT,ISLAMKOT TALUKA,290176,10281,2430,40618,7873,14917,14839,8319,5738
SINDH,MIRPUR KHAS DIVISION,THARPARKAR DISTRICT,KALOI TALUKA,141721,7926,2237,15757,6017,8986,6256,1508,1101
SINDH,MIRPUR KHAS DIVISION,THARPARKAR DISTRICT,MITHI TALUKA,261297,16977,3195,27233,9912,15311,13290,5018,1875
SINDH,MIRPUR KHAS DIVISION,THARPARKAR DISTRICT,NAGAR PARKAR TALUKA,309358,5026,2065,49853,10658,15370,13138,6903,7884
SINDH,MIRPUR KHAS DIVISION,UMER KOT DISTRICT,KUNRI TALUKA,258827,13840,4123,28195,15206,11543,9390,4539,984
SINDH,MIRPUR KHAS DIVISION,UMER KOT DISTRICT,PITHORO TALUKA,142371,5281,2328,19603,8950,7868,3876,1902,761
SINDH,MIRPUR KHAS DIVISION,UMER KOT DISTRICT,SAMARO TALUKA,201145,7298,4607,26599,14452,7679,4265,2142,623
SINDH,MIRPUR KHAS DIVISION,UMER KOT DISTRICT,UMER KOT TALUKA,663518,41839,12597,73772,34921,35120,26641,11336,2847
SINDH,SHAHEED BENAZIRABAD DIVISION,NAUSHAHRO FEROZE DISTRICT,BHIRIA TALUKA,360562,27954,15041,24046,12162,13798,16773,7794,1895
SINDH,SHAHEED BENAZIRABAD DIVISION,NAUSHAHRO FEROZE DISTRICT,KANDIARO TALUKA,389617,22638,20748,24812,10293,14924,20695,8864,1623
SINDH,SHAHEED BENAZIRABAD DIVISION,NAUSHAHRO FEROZE DISTRICT,MEHRABPUR TALUKA,298975,23647,11937,18307,10755,11795,11758,5947,2280
SINDH,SHAHEED BENAZIRABAD DIVISION,NAUSHAHRO FEROZE DISTRICT,MORO TALUKA,446014,30178,17543,32459,12825,19111,24851,12196,2574
SINDH,SHAHEED BENAZIRABAD DIVISION,NAUSHAHRO FEROZE DISTRICT,NAUSHAHRO FEROZE TALUKA,446283,35699,15530,28627,13367,18535,21391,11738,2429
SINDH,SHAHEED BENAZIRABAD DIVISION,SANGHAR DISTRICT,JAM NAWAZ ALI TALUKA,187535,8308,4361,20167,12441,9075,6289,2540,267
SINDH,SHAHEED BENAZIRABAD DIVISION,SANGHAR DISTRICT,KHIPRO TALUKA,400780,19058,7366,46626,23699,20136,13930,5074,1311
SINDH,SHAHEED BENAZIRABAD DIVISION,SANGHAR DISTRICT,SANGHAR TALUKA,527343,27976,11765,50314,19696,24278,20949,10919,3822
SINDH,SHAHEED BENAZIRABAD DIVISION,SANGHAR DISTRICT,SHAHDADPUR TALUKA,573940,45413,14675,32200,13746,21901,31690,17560,1652
SINDH,SHAHEED BENAZIRABAD DIVISION,SANGHAR DISTRICT,SINJHORO TALUKA,387528,20622,9562,33384,11193,17583,19838,9234,1789
SINDH,SHAHEED BENAZIRABAD DIVISION,SANGHAR DISTRICT,TANDO ADAM TALUKA,445050,37542,11346,25192,12131,14272,20034,17363,3589
SINDH,SHAHEED BENAZIRABAD DIVISION,SHAHEED BENAZIRABAD DISTRICT,DAUR TALUKA,581988,33568,18389,59550,26236,26145,23045,7506,903
SINDH,SHAHEED BENAZIRABAD DIVISION,SHAHEED BENAZIRABAD DISTRICT,KAZI AHMED TALUKA,440208,26254,16137,38705,17551,21078,19105,6558,1049
SINDH,SHAHEED BENAZIRABAD DIVISION,SHAHEED BENAZIRABAD DISTRICT,NAWABSHAH TALUKA,526575,55577,11031,17870,14211,19305,24795,17576,3587
SINDH,SHAHEED BENAZIRABAD DIVISION,SHAHEED BENAZIRABAD DISTRICT,SAKRAND TALUKA,467180,33700,16334,37207,16759,20838,24191,11395,2559
SINDH,SUKKUR DIVISION,GHOTKI DISTRICT,DAHARKI TALUKA,366272,26517,10791,27854,12596,16817,19310,8938,1289
SINDH,SUKKUR DIVISION,GHOTKI DISTRICT,GHOTKI TALUKA,591180,55071,18816,29648,15401,28579,36822,15133,2029
SINDH,SUKKUR DIVISION,GHOTKI DISTRICT,KHANGARH TALUKA,177392,9915,6026,17513,6384,9341,9777,4949,612
SINDH,SUKKUR DIVISION,GHOTKI DISTRICT,MIRPUR MATHELO TALUKA,383205,26886,9306,34197,10867,19235,23552,9055,2641
SINDH,SUKKUR DIVISION,GHOTKI DISTRICT,UBAURO TALUKA,406245,29778,12580,28048,9442,20856,25142,8910,1473
SINDH,SUKKUR DIVISION,KHAIRPUR DISTRICT,FAIZ GANJ TALUKA,265847,14174,10072,30327,14146,10772,9463,4588,1188
SINDH,SUKKUR DIVISION,KHAIRPUR DISTRICT,GAMBAT TALUKA,312703,17098,9530,24615,9379,11515,13430,7651,1429
SINDH,SUKKUR DIVISION,KHAIRPUR DISTRICT,KHAIRPUR TALUKA,508442,51655,14268,26838,13741,18238,27888,18836,2938
SINDH,SUKKUR DIVISION,KHAIRPUR DISTRICT,KINGRI TALUKA,404603,22088,11320,29408,8407,12042,19522,12982,3247
SINDH,SUKKUR DIVISION,KHAIRPUR DISTRICT,KOT DIJI TALUKA,421711,27849,12969,31257,14054,12825,15680,8138,2554
SINDH,SUKKUR DIVISION,KHAIRPUR DISTRICT,MIRWAH TALUKA,414872,28140,15740,34186,18608,15456,15278,5799,1345
SINDH,SUKKUR DIVISION,KHAIRPUR DISTRICT,NARA TALUKA,190126,6428,4404,25687,14033,7703,4435,1996,1137
SINDH,SUKKUR DIVISION,KHAIRPUR DISTRICT,SOBHO DERO TALUKA,320388,20703,11867,20125,10419,10972,13583,7266,1072
SINDH,SUKKUR DIVISION,SUKKUR DISTRICT,NEW SUKKUR TALUKA,389242,34699,9092,10541,10066,12293,17792,9216,1054
SINDH,SUKKUR DIVISION,SUKKUR DISTRICT,PANO AQIL TALUKA,484282,45804,15884,29472,16007,24106,27495,12453,3459
SINDH,SUKKUR DIVISION,SUKKUR DISTRICT,ROHRI TALUKA,460648,27104,11328,28219,11692,12765,19579,12847,2221
SINDH,SUKKUR DIVISION,SUKKUR DISTRICT,SALEHPAT TALUKA,150531,5395,5247,18444,10976,6852,3398,1028,904
SINDH,SUKKUR DIVISION,SUKKUR DISTRICT,SUKKUR CITY TALUKA,291733,36535,2723,961,1374,4215,12107,17489,4343
