Province,Districts,Projected Population Male,Projected Population Female,Projected Total Population,Area,DENSITY /SQ.K.M,AVR H.H SIZE,Pakka,Semi_Pakka,Kacha,Built_Less_Than_7_Years,Built_7_to_12_Years,Built_12_to_22_Years,Built_22_to_52_Years,Built_Over_52_Years
Islamabad,Islamabad,"1,334,300","1,193,700","2,528,000",906,"2,790.29",5.7,"402,895","7,780","5,910","46,642","101,036","137,549","100,241","19,933"
Balochistan,Awaran,"98,899","94,234","193,133","29,510",6.54,6.4,4055,4211,20650,5414,8750,7876,3422,1214
Balochistan,Barkhan,"118,307","108,587","226,894","3,514",64.57,9.1,1563,2515,19491,2839,4336,6644,6119,2599
Balochistan,Chagai,"151,010","139,504","290,514","44,748",6.49,7.0,3974,1855,33576,4311,8434,14160,8439,1678
Balochistan,Dera Bugti,"210,004","173,410","383,414","10,160",37.74,5.7,11933,6779,48531,19208,16157,14169,6415,1343
Balochistan,Gwadar,"173,510","155,821","329,331","12,637",26.06,6.0,26521,8805,16293,6562,11964,16525,9951,4093
Balochistan,Harnai,"72,702","64,974","137,676","2,492",55.25,7.7,3079,2071,12021,2423,2268,3563,4403,2959
Balochistan,Jaffarabad,"325,253","316,399","641,652","1,643",390.54,7.2,23922,14929,56109,21743,16949,18572,8952,1949
Balochistan,Jhal Magsi,"111,628","107,848","219,476","3,615",60.71,6.5,3095,4824,27266,8138,7856,6464,3637,627
Balochistan,Kachhi,"252,122","225,615","477,737","5,682",84.08,8.8,7145,8657,39564,6927,8815,11641,9882,7433
Balochistan,Kalat,"149,598","143,472","293,070","7,654",38.29,8.2,2950,3871,28598,4278,6232,8915,7285,4074
Balochistan,Kech,"599,329","545,635","1,144,964","22,539",50.80,4.1,58180,66273,154732,71496,61108,57533,27728,9901
Balochistan,Kharan,"150,772","130,202","280,974","14,958",18.78,7.2,2291,3625,31515,7031,9759,10941,5578,946
Balochistan,Khuzdar,"579,909","496,292","1,076,201","35,380",30.42,6.1,19970,24030,126804,31283,37907,44590,29639,8677
Balochistan,Killa Abdullah,"204,173","186,469","390,642","3,553",109.95,5.3,5755,14507,54227,10118,13046,13250,12502,11174
Balochistan,Killa Saifullah,"214,843","195,471","410,314","6,831",60.07,5.4,4781,9007,59096,9575,14321,20142,14552,8522
Balochistan,Kohlu,"147,052","133,780","280,832","7,610",36.90,6.8,4445,4531,33609,12621,8038,7255,4257,1434
Balochistan,Lasbela,"376,498","358,418","734,916","15,153",48.50,5.8,56869,27532,33538,19859,31578,39511,18518,3673
Balochistan,Loralai,"154,101","139,910","294,011","3,785",77.68,7.1,4207,5811,30114,5227,6452,10372,10011,4235
Balochistan,Mastung,"179,884","158,200","338,084",3308,102.20,7.1,4202,10786,29743,3961,6698,12203,14066,5732
Balochistan,Musakhel,"104,369","92,343","196,712",5728,34.34,5.8,3768,9354,19810,3679,6494,9077,7021,3301
Balochistan,Nasirabad,"310,725","297,208","607,933","3,387",179.49,6.4,19583,17464,67373,29980,20338,13486,5477,1332
Balochistan,Nushki,"116,852","107,444","224,296","5,797",38.69,6.6,6189,2542,23236,3941,6069,10609,8925,1000
Balochistan,Panjgur,"290,811","259,349","550,160","16,891",32.57,4.3,19569,26105,93917,29028,23294,19981,11004,11281
Balochistan,Pishin,"460,411","441,247","901,658","6,218",145.01,5.6,14233,39129,100283,16600,23278,40167,38424,22257
Balochistan,Quetta,"1,424,532","1,376,542","2,801,074","3,447",812.61,8.9,173427,75770,45678,37121,58513,93061,77026,16323
Balochistan,Sherani,"113,696","93,174","206,870","4,310",48.00,5.3,7688,13583,18013,6232,7117,6568,7488,5511
Balochistan,Sibi,"124,150","117,752","241,902","7,121",33.97,7.1,8000,5366,19230,6154,5248,9206,7372,2017
Balochistan,Sohbatpur,"131,518","127,607","259,125",802,323.10,7.1,7813,4981,25800,9461,8713,6794,3112,794
Balochistan,Washuk,"175,844","150,749","326,593","33,093",9.87,6.1,3376,4192,45155,12571,12678,12291,6598,1238
Balochistan,Zhob,"207,431","176,434","383,865","15,987",24.01,7.4,11016,15913,24692,6609,9256,13330,10359,4628
Balochistan,Ziarat,"103,798","100,749","204,547","3,301",61.97,8.2,1951,5950,15941,1558,3565,8341,6626,1856
Balochistan,Chaman,"281,896","221,249","503,145","1,341",375.20,7.5,10654,18135,38616,6739,9068,15523,14421,10675
Balochistan,Duki,"115,765","105,519","221,284",4233,52.28,4.7,4493,9348,33818,6247,8062,11570,7693,4888
Balochistan,Surab,"152,887","148,253","301,140",762,395.20,5.4,3801,5704,46304,10713,12502,13241,7370,2820
Khyber Pakhtunkhwa,Abbottabad,"754,044","748,146","1,502,190","1,967",763.70,5.9,196303,24763,20463,14211,38056,83684,79130,16968
Khyber Pakhtunkhwa,Bajaur,"688,933","674,466","1,363,399","1,290",1056.90,7.0,30416,67035,90388,12147,23701,46168,62320,31223
Khyber Pakhtunkhwa,Bannu,"747,472","689,953","1,437,425","1,972",728.92,7.4,98866,30517,59461,14272,27832,55945,59067,20300
Khyber Pakhtunkhwa,Battagram,"297,785","288,805","586,590","1,301",450.88,6.4,49202,21682,16842,6758,14747,48009,12949,2204
Khyber Pakhtunkhwa,Buner,"537,967","538,463","1,076,430","1,865",577.17,8.5,69211,18845,32211,13486,24468,39072,34762,5276
Khyber Pakhtunkhwa,Charsadda,"1,006,587","936,427","1,943,014",996,1950.82,6.9,177991,53882,36243,24582,55747,99822,66458,13143
Khyber Pakhtunkhwa,Upper Chitral,"106,381","100,599","206,980","8,392",24.66,7.4,1609,12620,12644,3554,5588,6943,6412,3360
Khyber Pakhtunkhwa,Lower Chitral,"173,166","166,009","339,175","6,458",52.52,6.9,13533,20376,13007,4937,9981,13519,13877,2827
Khyber Pakhtunkhwa,Dera Ismail Khan,"1,015,760","921,228","1,936,988","9,334",207.52,6.7,129760,55668,93463,23509,48057,90439,78353,20794
Khyber Pakhtunkhwa,Hangu,"296,719","284,334","581,053","1,097",529.67,8.6,39169,14349,8494,2327,5620,15686,27450,9202
Khyber Pakhtunkhwa,Haripur,"626,236","617,357","1,243,593","1,725",720.92,6.1,167408,15437,12174,12064,26901,57348,77667,15903
Khyber Pakhtunkhwa,Karak,"445,980","417,686","863,666","3,371",256.20,8.4,59036,19122,19413,6724,16594,32889,29085,9131
Khyber Pakhtunkhwa,Khurram,"430,764","400,675","831,439","3,380",245.99,8.3,22720,28061,45447,5579,9840,17745,32446,27258
Khyber Pakhtunkhwa,Khyber,"633,321","580,086","1,213,407","2,576",471.04,6.8,41958,52680,76435,10129,18133,45821,65534,22921
Khyber Pakhtunkhwa,Kohat,"666,472","640,506","1,306,978","2,991",436.97,7.2,124037,30417,18181,8420,22913,52214,66005,17171
Khyber Pakhtunkhwa,Upper Kohistan,"228,851","218,869","447,720","5,440",82.30,5.9,6295,28695,31078,11274,17069,20499,10352,2162
Khyber Pakhtunkhwa,Lower Kohistan,"183,832","176,095","359,927",642,560.63,6.4,11818,12690,25235,9857,12421,14158,6783,1733
Khyber Pakhtunkhwa,Kolai Palas,"150,942","145,630","296,572","1,410",210.33,6.9,3533,4473,28347,7201,8547,9879,4829,1157
Khyber Pakhtunkhwa,Lakki Marwat,"558,010","543,812","1,101,822","3,296",334.29,7.8,58880,28888,46422,6150,17319,39723,49533,16686
Khyber Pakhtunkhwa,Lower Dir,"861,231","885,395","1,746,626","1,583",1103.36,8.1,127260,46686,32336,22570,46027,64107,56333,10353
Khyber Pakhtunkhwa,Malakand,"447,569","427,077","874,646",952,918.75,7.3,80306,19249,16541,13099,22436,38197,30691,5717
Khyber Pakhtunkhwa,Mansehra,"965,705","936,737","1,902,442","4,125",461.20,6.1,231265,43543,28858,22867,54874,129754,66929,10014
Khyber Pakhtunkhwa,Mardan,"1,491,348","1,414,326","2,905,674","1,632",1780.44,6.8,296119,65398,47058,40371,82277,143317,108006,19173
Khyber Pakhtunkhwa,Mohmand,"297,872","288,507","586,379","2,296",255.39,8.6,9814,15506,39469,3417,6382,16221,23166,13972
Khyber Pakhtunkhwa,North Waziristan,"375,424","358,518","733,942","4,707",155.93,6.9,21830,35728,48059,6635,11382,25242,32388,17927
Khyber Pakhtunkhwa,Nowshera,"938,447","904,216","1,842,663","1,748",1054.16,6.7,164791,68600,31591,20922,45029,92711,79297,16608
Khyber Pakhtunkhwa,Orakzai,"216,877","193,384","410,261","1,538",266.75,7.4,3193,10995,39790,4824,8633,8111,17295,11367
Khyber Pakhtunkhwa,Peshawar,"2,572,326","2,458,817","5,031,143","1,518",3314.32,6.8,469194,114268,120786,59843,124655,245395,202372,45440
Khyber Pakhtunkhwa,Shangla,"486,913","456,479","943,392","1,586",594.82,7.0,59978,32685,36749,13745,27113,45099,30391,5321
Khyber Pakhtunkhwa,South Waziristan,"486,462","454,265","940,727","6,620",142.10,4.9,11742,30667,149691,17101,28556,36160,46959,36397
Khyber Pakhtunkhwa,Swabi,"1,015,256","990,316","2,005,572","1,543",1299.79,6.7,217471,40891,24354,21540,49814,90335,95967,17580
Khyber Pakhtunkhwa,Swat,"1,456,051","1,388,783","2,844,834","5,337",533.04,7.0,259121,56040,71271,34469,79027,127989,115315,19192
Khyber Pakhtunkhwa,Tank,"255,741","242,099","497,840","2,900",171.67,6.6,20002,23450,29381,3596,9498,20439,23961,10800
Khyber Pakhtunkhwa,Tor Ghar,"107,089","104,038","211,127",454,465.04,6.8,3371,14768,11745,1553,3791,9121,10765,3706
Khyber Pakhtunkhwa,Upper Dir,"568,773","578,260","1,147,033","3,699",310.09,7.2,50077,58621,42818,12732,27318,46050,46466,14990
Punjab,Attock,"1,157,386","1,147,000","2,304,386","6,857",336.06,6.1,302940,39617,15836,24446,54775,116708,129521,24104
Punjab,Bahawalnagar,"1,960,300","1,810,300","3,770,600","8,878",424.71,6.3,388565,103387,75664,62253,149927,214257,111394,9786
Punjab,Bahawalpur,"2,310,500","2,240,300","4,550,800","24,830",183.28,6.3,507433,134700,42798,73121,165018,258212,149943,15650
Punjab,Bhakkar,"1,079,700","999,500","2,079,200","8,153",255.02,6.2,227867,50582,39586,32345,75869,120602,70672,9100
Punjab,Chakwal,"917,900","924,800","1,842,700","6,525",282.41,6.0,256767,26241,8930,21050,42912,92355,113518,15904
Punjab,Chiniot,"840,100","820,100","1,660,200","2,643",628.15,6.0,201394,35110,23126,26426,57750,91981,66229,10861
Punjab,Dera Ghazi Khan,"1,820,000","1,785,500","3,605,500","11,922",302.42,7.4,246021,75457,141920,69192,123428,166303,76476,10132
Punjab,Faisalabad,"5,027,000","4,613,000","9,640,000","5,857",1645.89,6.5,1244111,117233,35459,125160,305913,543671,359818,34182
Punjab,Gujranwala,"3,217,000","3,113,000","6,330,000","3,622",1747.65,7.0,749278,96790,17801,86049,183190,311737,225683,27827
Punjab,Gujrat,"1,708,500","1,711,000","3,419,500","3,192",1071.27,6.5,432747,53672,10534,43559,84186,166214,168033,19730
Punjab,Hafizabad,"712,000","690,300","1,402,300","2,367",592.44,6.6,155529,38218,8013,19654,46967,74743,46313,4976
Punjab,Jhelum,"747,500","720,800","1,468,300","3,587",409.34,6.0,189518,35263,7057,16228,29138,73771,90369,16784
Punjab,Jhang,"1,684,500","1,572,000","3,256,500","6,166",528.14,6.2,400705,57958,40004,51728,113569,188738,113130,18167
Punjab,Kasur,"2,217,000","2,121,000","4,338,000","3,995",1085.86,6.3,546338,85259,25679,68915,165640,250680,135895,12210
Punjab,Khanewal,"1,842,500","1,730,500","3,573,000","4,349",821.57,6.3,424271,61497,47228,48598,120643,207702,128847,13607
Punjab,Khushab,"837,000","778,500","1,615,500","6,511",248.12,6.0,177176,56650,16790,18689,43699,94175,78709,10721
Punjab,Lahore,"7,312,000","6,565,000","13,877,000","1,772",7831.26,6.4,1956752,56718,39037,193426,367609,682752,595201,128956
Punjab,Layyah,"1,150,300","1,083,000","2,233,300","6,289",355.11,6.1,271297,44120,34068,47551,97245,131039,51234,5708
Punjab,Lodhran,"1,060,000","988,300","2,048,300","2,778",737.33,5.9,248996,52718,27002,32044,76087,132046,74022,4818
Punjab,Mandi Bahauddin,"974,500","969,000","1,943,500","2,673",727.09,6.3,228203,53337,9629,27099,55764,103341,85973,8633
Punjab,Mianwali,"975,300","935,000","1,910,300","5,840",327.11,6.0,216541,53744,30108,22630,56419,109993,86153,17091
Punjab,Multan,"2,901,000","2,795,000","5,696,000","3,720",1531.18,6.0,693203,125527,82000,89436,199223,331266,222897,29232
Punjab,Muzaffargarh,"2,707,000","2,621,000","5,328,000","8,249",645.90,6.2,495614,165275,158107,105039,222013,326468,124156,12204
Punjab,Nankana Sahib,"884,000","852,700","1,736,700","2,216",783.71,6.6,187018,47294,16618,25264,56657,94229,61061,5771
Punjab,Narowal,"1,058,300","1,013,700","2,072,000","2,337",886.61,6.9,236003,41536,9787,35765,74830,99989,59412,5751
Punjab,Okara,"1,901,500","1,833,500","3,735,000","4,377",853.32,6.3,457929,63446,36491,57070,137125,217723,119373,10292
Punjab,Pakpattan,"1,153,000","1,115,800","2,268,800","2,724",832.89,6.1,276154,43934,30096,36556,87515,134672,73285,6881
Punjab,Rahim Yar Khan,"3,077,000","2,833,000","5,910,000","11,880",497.47,6.7,563140,179284,95538,84549,205262,329024,180956,16132
Punjab,Rajanpur,"1,284,500","1,244,500","2,529,000","12,318",205.31,6.7,148293,66566,152953,75856,95432,118759,44126,6047
Punjab,Rawalpindi,"3,304,000","3,194,000","6,498,000","5,285",1229.52,6.1,962793,36926,15125,72579,134004,298456,389028,87089
Punjab,Sahiwal,"1,551,000","1,509,000","3,060,000","3,201",955.95,6.4,397415,35048,20333,40328,100502,178983,109743,10860
Punjab,Sargodha,"2,331,000","2,273,000","4,604,000","5,856",786.20,6.3,471798,174330,49287,59520,136490,252293,199093,25831
Punjab,Sheikhupura,"2,209,000","2,092,000","4,301,000","3,744",1148.77,6.8,518558,70923,14657,59251,139893,221873,145003,16362
Punjab,Sialkot,"2,420,000","2,358,000","4,778,000","3,016",1584.22,6.7,610468,57734,15758,77409,156300,239404,163368,22199
Punjab,Toba Tek Singh,"1,376,500","1,304,500","2,681,000","3,252",824.42,6.4,340579,38719,19412,37289,90427,158439,94462,8466
Punjab,Vehari,"1,843,000","1,800,500","3,643,500","4,364",834.90,6.3,465441,58765,28592,57424,130898,215855,120120,8977
Sindh,Badin,"1,076,800","993,600","2,070,400","6,858",301.90,4.8,96696.5,37671.5,282437,108514,129940,101403,33267,5855
Sindh,Dadu,"940,300","913,000","1,853,300","7,866",235.61,5.1,125422,75852,180719,71613,77828,92875,44185,12448
Sindh,Ghotki,"979,500","907,000","1,886,500","6,083",310.13,5.3,148165,57517,137260,54690,94828,114603,46985,8044
Sindh,Hyderabad,"989,300","1,216,300","2,205,600",993,2221.15,5.4,380744,32337,46908,40389,66083,128874,165180,35867
Sindh,Jacobabad,"634,200","615,200","1,249,400","2,698",463.08,6.0,63875,36838,112269,45966,46879,59883,20762,3640
Sindh,Jamshoro,"615,500","573,800","1,189,300","11,204",106.15,5.2,128267.5,34756.5,68072,38965,46479,63204,38528,8714
Sindh,Qambar Shahdadkot,"842,000","770,000","1,612,000","5,475",294.43,5.6,98686.5,62210.5,142579,55460,59456,76388,33705,6621
Sindh,Central Karachi,"2,145,000","1,916,000","4,061,000",69,58855.07,5.8,631600,21127,5365,30916,65556,182582,301273,64117
Sindh,East Karachi,"2,206,000","1,970,000","4,176,000",139,30043.17,5.9,625222.5,33895.5,17448,56591,106585,208041,230298,40697
Sindh,South Karachi,"1,293,000","1,119,000","2,412,000",122,19770.49,5.4,416985,10522,3834,21870,37366,103058,190929,65622
Sindh,West Karachi,"1,233,000","1,344,000","2,577,000",370,6964.86,5.7,426152.5,42882.5,8290,63980,100040,159286,116157,12724
Sindh,Kemari,"1,172,000","1,029,000","2,201,000",559,3937.39,6.4,297694,22089,4256,29119,53481,114902,102821,13880
Sindh,Kashmore,"668,000","644,500","1,312,500","2,580",508.72,5.9,64019,34096,133947,61525,54484,43654,19817,6246
Sindh,Khairpur,"1,401,000","1,368,000","2,769,000","15,910",174.04,5.7,188133.5,90168.5,222443,102787,99523,119279,67256,14910
Sindh,Korangi,"1,757,000","1,865,000","3,622,000",108,33537.04,6.3,478919,14679,6218,33136,62042,156789,199658,34659
Sindh,Larkana,"992,500","1,226,000","2,218,500","1,948",1138.86,5.5,162647.5,61360.5,121739,50711,77447,105255,54890,9006
Sindh,Malir,"1,306,000","1,216,000","2,522,000","2,160",1167.59,5.7,390200,24679,17359,62423,97072,131806,103132,16181
Sindh,Matiari,"467,000","486,000","953,000","1,417",672.55,5.3,79292,23992,62669,25410,40383,51925,28838,4417
Sindh,Mirpur Khas,"938,500","849,500","1,788,000","2,925",611.28,5.3,116746,50072,170466,90053,76133,68156,44826,9520
Sindh,Naushahro Feroze,"960,500","931,000","1,891,500","2,946",642.06,5.5,140114.5,80797.5,128251,59402,78163,95468,46539,10801
Sindh,Sanghar,"1,248,000","1,308,000","2,556,000","10,728",238.26,5.6,158917,59073,207883,92906,107245,112730,62690,12430
Sindh,Shaheed Benazirabad,"996,500","966,000","1,962,500","4,502",435.92,5.5,149098,61890,153332,74757,87366,91136,43035,8098
Sindh,Shikarpur,"745,500","730,000","1,475,500","2,512",587.38,6.4,70225,41407,117500,40993,49482,63365,36577,10099
Sindh,Sujawal,"465,000","481,000","946,000","8,785",107.68,5.2,29331,9756,128381,36359,48739,43365,17363,4414
Sindh,Sukkur,"925,500","818,500","1,744,000","5,165",337.66,6.1,149535.5,44272.5,87637,50115,60231,80371,53033,11981
Sindh,Tando Allahyar,"498,500","482,000","980,500","1,554",630.95,5.1,76562.5,26413.5,87994,40852,44679,47241,24678,6522
Sindh,Tando Muhammad Khan,"400,500","460,000","860,500","1,423",604.71,5.0,44585,16518,89149,31984,43076,38715,19228,4341
Sindh,Tharparkar,"987,000","905,000","1,892,000","19,637",96.35,5.4,68608,21194,250008,65004,97736,85440,41921,25257
Sindh,Thatta,"591,000","561,500","1,152,500","8,570",134.48,5.2,75802.5,15477.5,123343,51352,57892,55078,25856,7603
Sindh,Umer Kot,"645,500","563,000","1,208,500","5,608",215.50,5.2,68256.5,23653.5,148169,73529,62210,44172,19919,5215
